time,temperature
08:31:20,17.5000
08:31:21,17.5620
08:31:22,17.5620
08:31:23,17.5620
08:31:24,17.5620
08:31:25,17.5620
08:31:26,17.5620
08:31:27,17.6250
08:31:28,17.6250
08:31:29,17.6250
08:31:30,17.6250
08:31:31,17.6870
08:31:32,17.6870
08:31:33,17.6870
08:31:34,17.6870
08:31:36,17.7500
08:31:37,17.7500
08:31:38,17.7500
08:31:39,17.7500
08:31:40,17.6870
08:31:41,17.6870
08:31:42,17.6870
08:31:43,17.6870
08:31:44,17.6870
08:31:45,17.6250
08:31:46,17.6870
08:31:47,17.6870
08:31:48,17.6870
08:31:49,17.6870
08:31:50,17.6870
08:31:51,17.6870
08:31:52,17.6250
08:31:53,17.6870
08:31:54,17.6870
08:31:55,17.6870
08:31:56,17.6250
08:31:57,17.6250
08:31:58,17.6250
08:31:59,17.6250
08:32:00,17.6250
08:32:02,17.6250
08:32:03,17.6870
08:32:04,17.6870
08:32:05,17.6870
08:32:06,17.6250
08:32:07,17.6250
08:32:08,17.6250
08:32:09,17.5000
08:32:10,17.5000
08:32:11,17.5000
08:32:12,17.4370
08:32:13,17.4370
08:32:14,17.4370
08:32:15,17.4370
08:32:16,17.3750
08:32:17,17.4370
08:32:18,17.3750
08:32:19,17.3750
08:32:20,17.3750
08:32:21,17.3750
08:32:22,17.3750
08:32:23,17.3750
08:32:24,17.3750
08:32:25,17.3120
08:32:26,17.3120
08:32:28,17.3120
08:32:29,17.2500
08:32:30,17.2500
08:32:31,17.2500
08:32:32,17.2500
08:32:33,17.2500
08:32:34,17.1870
08:32:35,17.1870
08:32:36,17.1250
08:32:37,17.1250
08:32:38,17.1250
08:32:39,17.1250
08:32:40,17.0620
08:32:41,17.0620
08:32:42,17.0620
08:32:43,17.0620
08:32:44,17.0000
08:32:45,17.0000
08:32:46,17.0000
08:32:47,17.0000
08:32:48,17.0000
08:32:49,17.0000
08:32:50,17.0000
08:32:52,17.0000
08:32:53,17.0000
08:32:54,17.0620
08:32:55,17.1250
08:32:56,17.1250
08:32:57,17.1870
08:32:58,17.1870
08:32:59,17.1870
08:33:00,17.1870
08:33:01,17.1870
08:33:02,17.1870
08:33:03,17.1870
08:33:04,17.1870
08:33:05,17.2500
08:33:06,17.3120
08:33:07,17.3750
08:33:08,17.3750
08:33:09,17.4370
08:33:10,17.5000
08:33:11,17.5620
08:33:12,17.6250
08:33:13,17.6870
08:33:14,17.7500
08:33:16,17.8120
08:33:17,17.8750
08:33:18,17.9370
08:33:19,18.0000
08:33:20,18.0620
08:33:21,18.1250
08:33:22,18.1250
08:33:23,18.2500
08:33:24,18.2500
08:33:25,18.3120
08:33:26,18.3750
08:33:27,18.3750
08:33:28,18.5000
08:33:29,18.5620
08:33:30,18.6250
08:33:31,18.6250
08:33:32,18.6870
08:33:33,18.7500
08:33:34,18.8120
08:33:35,18.8750
08:33:36,18.9370
08:33:38,19.0620
08:33:39,19.0620
08:33:40,19.1870
08:33:41,19.1870
08:33:42,19.2500
08:33:43,19.3120
08:33:44,19.3750
08:33:45,19.3750
08:33:46,19.4370
08:33:47,19.5620
08:33:48,19.6250
08:33:49,19.6250
08:33:50,19.6870
08:33:51,19.7500
08:33:52,19.8120
08:33:53,19.8750
08:33:54,19.9370
08:33:55,20.0620
08:33:56,20.1250
08:33:57,20.1870
08:33:58,20.2500
08:34:00,20.3750
08:34:01,20.4370
08:34:02,20.5000
08:34:03,20.6250
08:34:04,20.6870
08:34:05,20.7500
08:34:06,20.8120
08:34:07,20.9370
08:34:08,21.0000
08:34:09,21.0620
08:34:10,21.1250
08:34:11,21.1870
08:34:12,21.2500
08:34:13,21.3120
08:34:14,21.3750
08:34:15,21.3750
08:34:16,21.4370
08:34:17,21.5000
08:34:18,21.5620
08:34:19,21.5620
08:34:20,21.5620
08:34:21,21.6250
08:34:22,21.6870
08:34:23,21.7500
08:34:24,21.7500
08:34:26,21.7500
08:34:27,21.8120
08:34:28,21.8120
08:34:29,21.8750
08:34:30,21.8750
08:34:31,21.8750
08:34:32,21.9370
08:34:33,21.9370
08:34:34,21.9370
08:34:35,21.9370
08:34:36,21.9370
08:34:37,21.9370
08:34:38,22.0000
08:34:39,22.0000
08:34:40,22.0000
08:34:41,22.0000
08:34:42,22.0000
08:34:43,22.0000
08:34:44,21.9370
08:34:45,22.0000
08:34:46,21.9370
08:34:48,21.9370
08:34:49,21.8750
08:34:50,21.8750
08:34:51,21.8120
08:34:52,21.8120
08:34:53,21.7500
08:34:54,21.8120
08:34:55,21.7500
08:34:56,21.7500
08:34:57,21.7500
08:34:58,21.6870
08:34:59,21.6870
08:35:00,21.6250
08:35:01,21.6250
08:35:02,21.5620
08:35:03,21.5620
08:35:04,21.5000
08:35:05,21.4370
08:35:06,21.3750
08:35:07,21.3750
08:35:08,21.3750
08:35:09,21.1870
08:35:10,21.1870
08:35:11,21.1250
08:35:12,21.0620
08:35:14,21.0620
08:35:15,21.0000
08:35:16,20.8750
08:35:17,20.8750
08:35:18,20.6870
08:35:19,20.6870
08:35:20,20.6250
08:35:21,20.5000
08:35:22,20.4370
08:35:23,20.3120
08:35:24,20.1870
08:35:25,20.0620
08:35:26,20.0000
08:35:27,19.8750
08:35:28,19.8120
08:35:29,19.7500
08:35:30,19.7500
08:35:31,19.5000
08:35:32,19.4370
08:35:33,19.3750
08:35:34,19.3120
08:35:35,19.1870
08:35:36,19.0620
08:35:38,19.0620
08:35:39,18.9370
08:35:40,18.8750
08:35:41,18.8120
08:35:42,18.7500
08:35:43,18.6870
08:35:44,18.6250
08:35:45,18.5620
08:35:46,18.5620
08:35:47,18.5000
08:35:48,18.4370
08:35:49,18.3750
08:35:50,18.3750
08:35:51,18.3120
08:35:52,18.3120
08:35:53,18.2500
08:35:54,18.1870
08:35:55,18.1250
08:35:56,18.1250
08:35:57,18.1250
08:35:58,18.0000
08:35:59,18.0000
08:36:00,17.9370
08:36:01,17.9370
08:36:02,17.8750
08:36:04,17.8120
08:36:05,17.8120
08:36:06,17.7500
08:36:07,17.7500
08:36:08,17.6870
08:36:09,17.6870
08:36:10,17.6250
08:36:11,17.6250
08:36:12,17.5620
08:36:13,17.5000
08:36:14,17.4370
08:36:15,17.4370
08:36:16,17.3750
08:36:17,17.3750
08:36:18,17.3120
08:36:19,17.2500
08:36:20,17.2500
08:36:21,17.1870
08:36:22,17.1870
08:36:23,17.1870
08:36:24,17.1250
08:36:25,17.1250
08:36:26,17.1250
08:36:28,17.0620
08:36:29,17.0000
08:36:30,17.0000
08:36:31,17.0000
08:36:32,17.0000
08:36:33,16.9370
08:36:34,16.9370
08:36:35,16.9370
08:36:36,16.9370
08:36:37,16.9370
08:36:38,16.8750
08:36:39,16.8120
08:36:40,16.8750
08:36:41,16.8120
08:36:42,16.8120
08:36:43,16.7500
08:36:44,16.7500
08:36:45,16.7500
08:36:46,16.6870
08:36:47,16.6870
08:36:48,16.6870
08:36:49,16.6250
08:36:50,16.6250
08:36:52,16.6250
08:36:53,16.6250
08:36:54,16.6250
08:36:55,16.6250
08:36:56,16.5620
08:36:57,16.5620
08:36:58,16.5620
08:36:59,16.5620
08:37:00,16.5620
08:37:01,16.5620
08:37:02,16.5620
08:37:03,16.5620
08:37:04,16.5620
08:37:05,16.5620
08:37:06,16.5620
08:37:07,16.5620
08:37:08,16.5620
08:37:09,16.5620
08:37:10,16.5000
08:37:11,16.5620
08:37:12,16.5620
08:37:14,16.5620
08:37:15,16.5620
08:37:16,16.5000
08:37:17,16.5000
08:37:18,16.5000
08:37:19,16.5000
08:37:20,16.5000
08:37:21,16.5620
08:37:22,16.5000
08:37:23,16.5620
08:37:24,16.5620
08:37:25,16.5000
08:37:26,16.5000
08:37:27,16.5000
08:37:28,16.5000
08:37:29,16.5000
08:37:30,16.4370
08:37:31,16.4370
08:37:32,16.5000
08:37:34,16.5000
08:37:35,16.5000
08:37:36,16.5000
08:37:37,16.4370
08:37:38,16.4370
08:37:39,16.5000
08:37:40,16.4370
08:37:41,16.5000
08:37:42,16.5000
08:37:43,16.4370
08:37:44,16.4370
08:37:45,16.5000
08:37:46,16.4370
08:37:47,16.4370
08:37:48,16.4370
08:37:49,16.4370
08:37:50,16.5000
08:37:51,16.5000
08:37:52,16.5000
08:37:53,16.5000
08:37:54,16.5000
08:37:55,16.5000
08:37:56,16.4370
08:37:57,16.5000
08:37:58,16.5000
08:38:00,16.5000
08:38:01,16.5000
08:38:02,16.5000
08:38:03,16.5000
08:38:04,16.5000
08:38:05,16.5000
08:38:06,16.5000
08:38:07,16.5000
08:38:08,16.5000
08:38:09,16.5000
08:38:10,16.5000
08:38:11,16.4370
08:38:12,16.5000
08:38:13,16.5000
08:38:14,16.5000
08:38:15,16.5000
08:38:16,16.5000
08:38:17,16.5000
08:38:18,16.5000
08:38:19,16.5000
08:38:20,16.5000
08:38:21,16.5000
08:38:22,16.5000
08:38:23,16.5000
08:38:24,16.5000
08:38:26,16.5000
08:38:27,16.5000
08:38:28,16.4370
08:38:29,16.5000
08:38:30,16.5000
08:38:31,16.5620
08:38:32,16.5620
08:38:33,16.4370
08:38:34,16.5000
08:38:35,16.5620
08:38:36,16.5620
08:38:37,16.5620
08:38:38,16.6250
08:38:39,16.5620
08:38:40,16.5620
08:38:41,16.5620
08:38:42,16.5620
08:38:43,16.5620
08:38:44,16.5620
08:38:45,16.5620
08:38:46,16.5620
08:38:47,16.5620
08:38:48,16.5620
08:38:49,16.5620
08:38:50,16.6250
08:38:52,16.6250
08:38:53,16.6250
08:38:54,16.6250
08:38:55,16.6250
08:38:56,16.6250
08:38:57,16.6250
08:38:58,16.6250
08:38:59,16.6250
08:39:00,16.6250
08:39:01,16.6250
08:39:02,16.6250
08:39:03,16.6250
08:39:04,16.6250
08:39:05,16.6250
08:39:06,16.6250
08:39:07,16.6250
08:39:08,16.6250
08:39:09,16.6250
08:39:10,16.6250
08:39:11,16.6250
08:39:12,16.5620
08:39:14,16.6250
08:39:15,16.5620
08:39:16,16.6250
08:39:17,16.6250
08:39:18,16.5620
08:39:19,16.5620
08:39:20,16.6250
08:39:21,16.5620
08:39:22,16.5620
08:39:23,16.5620
08:39:24,16.5620
08:39:25,16.5620
08:39:26,16.5620
08:39:27,16.5620
08:39:28,16.5620
08:39:29,16.6250
08:39:30,16.5620
08:39:31,16.6250
08:39:32,16.5620
08:39:33,16.6250
08:39:34,16.6250
08:39:35,16.6250
08:39:36,16.6250
08:39:38,16.5620
08:39:39,16.5620
08:39:40,16.6250
08:39:41,16.5620
08:39:42,16.6250
08:39:43,16.6250
08:39:44,16.6250
08:39:45,16.6870
08:39:46,16.6870
08:39:47,16.6870
08:39:48,16.6870
08:39:49,16.6870
08:39:50,16.6870
08:39:51,16.7500
08:39:52,16.7500
08:39:53,16.7500
08:39:54,16.6870
08:39:55,16.7500
08:39:56,16.7500
08:39:58,16.7500
08:39:59,16.8120
08:40:00,16.8750
08:40:01,16.8750
08:40:02,16.8750
08:40:03,16.8750
08:40:04,16.8750
08:40:05,16.8750
08:40:06,16.8750
08:40:07,16.9370
08:40:08,16.8750
08:40:09,16.8750
08:40:10,16.9370
08:40:11,16.8750
08:40:12,16.8750
08:40:13,16.8750
08:40:14,16.8120
08:40:15,16.8750
08:40:16,16.9370
08:40:17,16.9370
08:40:18,16.9370
08:40:19,17.0000
08:40:20,17.0620
08:40:21,17.1250
08:40:22,17.1870
08:40:24,17.2500
08:40:25,17.3120
08:40:26,17.3750
08:40:27,17.4370
08:40:28,17.5620
08:40:29,17.6870
08:40:30,17.7500
08:40:31,17.8750
08:40:32,17.9370
08:40:33,18.0620
08:40:34,18.1870
08:40:35,18.2500
08:40:36,18.3120
08:40:37,18.3750
08:40:38,18.4370
08:40:39,18.5620
08:40:40,18.6250
08:40:41,18.6870
08:40:42,18.6870
08:40:43,18.7500
08:40:44,18.7500
08:40:45,18.8120
08:40:46,18.8750
08:40:47,18.8750
08:40:48,19.0000
08:40:50,19.0000
08:40:51,19.1250
08:40:52,19.1250
08:40:53,19.1870
08:40:54,19.2500
08:40:55,19.2500
08:40:56,19.2500
08:40:57,19.3120
08:40:58,19.3120
08:40:59,19.3750
08:41:00,19.4370
08:41:01,19.5000
08:41:02,19.5000
08:41:03,19.5620
08:41:04,19.5620
08:41:05,19.5620
08:41:06,19.6250
08:41:07,19.6250
08:41:08,19.7500
08:41:09,19.8120
08:41:10,19.9370
08:41:12,20.0000
08:41:13,20.0620
08:41:14,20.1870
08:41:15,20.2500
08:41:16,20.2500
08:41:17,20.3120
08:41:18,20.3120
08:41:19,20.3120
08:41:20,20.4370
08:41:21,20.4370
08:41:22,20.5000
08:41:23,20.5000
08:41:24,20.5620
08:41:25,20.5620
08:41:26,20.5620
08:41:27,20.6250
08:41:28,20.5620
08:41:29,20.6250
08:41:30,20.6870
08:41:31,20.6870
08:41:32,20.6870
08:41:33,20.6870
08:41:34,20.6870
08:41:36,20.7500
08:41:37,20.7500
08:41:38,20.7500
08:41:39,20.7500
08:41:40,20.8120
08:41:41,20.8120
08:41:42,20.8750
08:41:43,20.9370
08:41:44,20.9370
08:41:45,21.0000
08:41:46,21.0620
08:41:47,21.1250
08:41:48,21.1870
08:41:49,21.1870
08:41:50,21.2500
08:41:51,21.3120
08:41:52,21.3750
08:41:53,21.3750
08:41:54,21.4370
08:41:55,21.5000
08:41:56,21.5000
08:41:57,21.6250
08:41:58,21.6870
08:42:00,21.7500
08:42:01,21.8120
08:42:02,21.8120
08:42:03,21.8750
08:42:04,21.9370
08:42:05,21.9370
08:42:06,22.0000
08:42:07,22.0000
08:42:08,22.0620
08:42:09,22.0620
08:42:10,22.1250
08:42:11,22.1250
08:42:12,22.1250
08:42:13,22.1870
08:42:14,22.1870
08:42:15,22.1870
08:42:16,22.2500
08:42:17,22.2500
08:42:18,22.2500
08:42:19,22.1870
08:42:20,22.2500
08:42:21,22.2500
08:42:22,22.2500
08:42:23,22.2500
08:42:24,22.2500
08:42:26,22.1870
08:42:27,22.1870
08:42:28,22.1870
08:42:29,22.1870
08:42:30,22.2500
08:42:31,22.3750
08:42:32,22.4370
08:42:33,22.5000
08:42:34,22.6250
08:42:35,22.6870
08:42:36,22.8120
08:42:37,22.9370
08:42:38,23.0000
08:42:39,23.1250
08:42:40,23.1870
08:42:41,23.3120
08:42:42,23.4370
08:42:43,23.5620
08:42:44,23.6250
08:42:45,23.7500
08:42:46,23.8120
08:42:47,23.8750
08:42:48,24.0000
08:42:49,24.1250
08:42:50,24.2500
08:42:52,24.3120
08:42:53,24.3750
08:42:54,24.5000
08:42:55,24.5000
08:42:56,24.6250
08:42:57,24.7500
08:42:58,24.7500
08:42:59,24.8750
08:43:00,24.8750
08:43:01,25.0000
08:43:02,25.0620
08:43:03,25.1250
08:43:04,25.2500
08:43:05,25.3120
08:43:06,25.3750
08:43:07,25.5000
08:43:08,25.5000
08:43:09,25.5620
08:43:10,25.6870
08:43:11,25.7500
08:43:12,25.8120
08:43:14,25.8750
08:43:15,25.9370
08:43:16,26.0000
08:43:17,26.0620
08:43:18,26.1250
08:43:19,26.2500
08:43:20,26.2500
08:43:21,26.3750
08:43:22,26.3750
08:43:23,26.5000
08:43:24,26.5620
08:43:25,26.6250
08:43:26,26.6870
08:43:27,26.7500
08:43:28,26.8120
08:43:29,26.8750
08:43:30,26.9370
08:43:31,27.0000
08:43:32,27.0620
08:43:33,27.0620
08:43:34,27.0620
08:43:35,27.1250
08:43:36,27.1870
08:43:37,27.1870
08:43:38,27.1870
08:43:40,27.1870
08:43:41,27.2500
08:43:42,27.1870
08:43:43,27.2500
08:43:44,27.2500
08:43:45,27.2500
08:43:46,27.2500
08:43:47,27.2500
08:43:48,27.2500
08:43:49,27.3120
08:43:50,27.3750
08:43:51,27.5000
08:43:52,27.5620
08:43:53,27.6250
08:43:54,27.7500
08:43:55,27.8750
08:43:56,28.0000
08:43:57,28.1250
08:43:58,28.2500
08:44:00,28.3120
08:44:01,28.3750
08:44:02,28.3750
08:44:03,28.3750
08:44:04,28.3750
08:44:05,28.3750
08:44:06,28.3750
08:44:07,28.3750
08:44:08,28.4370
08:44:09,28.4370
08:44:10,28.5000
08:44:11,28.4370
08:44:12,28.5000
08:44:13,28.4370
08:44:14,28.4370
08:44:15,28.3750
08:44:16,28.3750
08:44:17,28.1870
08:44:18,28.0620
08:44:19,27.9370
08:44:20,27.8120
08:44:21,27.7500
08:44:22,27.6250
08:44:24,27.5000
08:44:25,27.4370
08:44:26,27.4370
08:44:27,27.3120
08:44:28,27.2500
08:44:29,27.2500
08:44:30,27.1870
08:44:31,27.1870
08:44:32,27.1250
08:44:33,27.1250
08:44:34,27.1250
08:44:35,27.1250
08:44:36,27.1250
08:44:37,27.2500
08:44:38,27.4370
08:44:39,27.5620
08:44:40,27.6870
08:44:41,27.6870
08:44:42,28.0620
08:44:43,28.0620
08:44:45,28.4370
08:44:46,28.6870
08:44:47,28.6870
08:44:48,29.0000
08:44:49,29.1870
08:44:50,29.3750
08:44:51,29.5620
08:44:52,29.5620
08:44:53,29.8750
08:44:54,30.1250
08:44:55,30.1250
08:44:56,30.4370
08:44:57,30.6250
08:44:58,30.7500
08:44:59,30.9370
08:45:00,31.0620
08:45:01,31.1870
08:45:02,31.3750
08:45:03,31.3750
08:45:04,31.5620
08:45:05,31.6870
08:45:06,31.8120
08:45:08,31.8750
08:45:09,32.0000
08:45:10,32.1250
08:45:11,32.2500
08:45:12,32.2500
08:45:13,32.3120
08:45:14,32.4370
08:45:15,32.4370
08:45:16,32.4370
08:45:17,32.5000
08:45:18,32.6250
08:45:19,32.6250
08:45:20,32.6250
08:45:21,32.6870
08:45:22,32.7500
08:45:23,32.7500
08:45:24,32.8120
08:45:25,32.8120
08:45:26,32.8750
08:45:28,32.8750
08:45:29,32.8750
08:45:30,32.8750
08:45:31,32.9370
08:45:32,32.8750
08:45:33,32.9370
08:45:34,33.0000
08:45:35,33.0000
08:45:36,33.0000
08:45:37,33.0000
08:45:38,33.0000
08:45:39,33.0000
08:45:40,33.0620
08:45:41,33.0620
08:45:42,33.0620
08:45:43,33.1250
08:45:44,33.1250
08:45:45,33.1250
08:45:46,33.1250
08:45:47,33.1870
08:45:48,33.1870
08:45:49,33.1870
08:45:50,33.1870
08:45:52,33.2500
08:45:53,33.2500
08:45:54,33.2500
08:45:55,33.2500
08:45:56,33.2500
08:45:57,33.2500
08:45:58,33.3120
08:45:59,33.2500
08:46:00,33.3120
08:46:01,33.3120
08:46:02,33.2500
08:46:03,33.3120
08:46:04,33.3120
08:46:05,33.3120
08:46:06,33.3120
08:46:07,33.3120
08:46:08,33.3120
08:46:09,33.3120
08:46:10,33.3750
08:46:11,33.3750
08:46:12,33.3750
08:46:14,33.3750
08:46:15,33.3750
08:46:16,33.3750
08:46:17,33.3750
08:46:18,33.4370
08:46:19,33.4370
08:46:20,33.4370
08:46:21,33.4370
08:46:22,33.4370
08:46:23,33.4370
08:46:24,33.4370
08:46:25,33.4370
08:46:26,33.5000
08:46:27,33.5000
08:46:28,33.5000
08:46:29,33.5000
08:46:30,33.5000
08:46:31,33.5000
08:46:32,33.5000
08:46:33,33.5000
08:46:34,33.4370
08:46:35,33.4370
08:46:36,33.3750
08:46:38,33.3120
08:46:39,33.1250
08:46:40,33.0620
08:46:41,32.9370
08:46:42,32.8120
08:46:43,32.6250
08:46:44,32.4370
08:46:45,32.3120
08:46:46,32.1870
08:46:47,32.0620
08:46:48,31.9370
08:46:49,31.7500
08:46:50,31.5620
08:46:51,31.4370
08:46:52,31.3120
08:46:53,31.2500
08:46:54,31.2500
08:46:55,31.1250
08:46:56,31.1250
08:46:57,31.0620
08:46:58,31.0620
08:46:59,31.0620
08:47:00,31.0620
08:47:02,31.0620
08:47:03,31.1250
08:47:04,31.1870
08:47:05,31.1870
08:47:06,31.3120
08:47:07,31.4370
08:47:08,31.5000
08:47:09,31.5620
08:47:10,31.5620
08:47:11,31.5620
08:47:12,31.5620
08:47:13,31.5000
08:47:14,31.5000
08:47:15,31.4370
08:47:16,31.3120
08:47:17,31.2500
08:47:18,31.0620
08:47:19,31.0000
08:47:20,30.9370
08:47:21,30.8120
08:47:22,30.7500
08:47:23,30.6870
08:47:24,30.7500
08:47:26,30.6870
08:47:27,30.8120
08:47:28,30.9370
08:47:29,31.1250
08:47:30,31.3120
08:47:31,31.6250
08:47:32,31.9370
08:47:33,32.3750
08:47:34,32.3750
08:47:35,33.0620
08:47:36,33.3750
08:47:37,33.6870
08:47:38,33.8750
08:47:39,34.0000
08:47:40,34.1250
08:47:41,34.1250
08:47:42,34.0620
08:47:43,33.9370
08:47:44,33.8750
08:47:45,33.7500
08:47:46,33.5620
08:47:47,33.4370
08:47:48,33.2500
08:47:50,33.0620
08:47:51,32.9370
08:47:52,32.6870
08:47:53,32.5000
08:47:54,32.3120
08:47:55,32.0620
08:47:56,31.8750
08:47:57,31.6870
08:47:58,31.5000
08:47:59,31.3120
08:48:00,31.1250
08:48:01,31.0000
08:48:02,30.7500
08:48:03,30.5620
08:48:04,30.3750
08:48:05,30.1870
08:48:06,30.0620
08:48:07,29.8750
08:48:08,29.6870
08:48:09,29.5620
08:48:10,29.3750
08:48:11,29.3120
08:48:12,29.1250
08:48:14,29.0000
08:48:15,28.9370
08:48:16,28.9370
08:48:17,28.9370
08:48:18,29.0620
08:48:19,29.1250
08:48:20,29.3120
08:48:21,29.4370
08:48:22,29.5620
08:48:23,29.6870
08:48:24,29.8120
08:48:25,29.9370
08:48:26,30.0620
08:48:27,30.1870
08:48:28,30.3120
08:48:29,30.3750
08:48:30,30.5000
08:48:31,30.6250
08:48:32,30.7500
08:48:33,30.8120
08:48:34,30.8120
08:48:35,30.9370
08:48:36,31.0620
08:48:37,31.1250
08:48:38,31.1870
08:48:40,31.2500
08:48:41,31.3120
08:48:42,31.4370
08:48:43,31.5000
08:48:44,31.5620
08:48:45,31.6250
08:48:46,31.7500
08:48:47,31.8750
08:48:48,32.0000
08:48:49,32.0620
08:48:50,32.0620
08:48:51,32.1250
08:48:52,32.0620
08:48:53,32.0620
08:48:54,32.0000
08:48:55,31.9370
08:48:56,31.8120
08:48:57,31.6870
08:48:58,31.6250
08:48:59,31.5000
08:49:00,31.5000
08:49:02,31.2500
08:49:03,31.1870
08:49:04,31.0620
08:49:05,30.9370
08:49:06,30.8120
08:49:07,30.6870
08:49:08,30.5620
08:49:09,30.4370
08:49:10,30.2500
08:49:11,30.0620
08:49:12,29.9370
08:49:13,29.7500
08:49:14,29.5000
08:49:15,29.3750
08:49:16,29.1870
08:49:17,29.0000
08:49:18,28.8750
08:49:19,28.7500
08:49:20,28.5620
08:49:21,28.4370
08:49:22,28.3120
08:49:24,28.1870
08:49:25,28.1250
08:49:26,28.0620
08:49:27,27.8750
08:49:28,27.8120
08:49:29,27.8120
08:49:30,27.8120
08:49:31,27.6870
08:49:32,27.7500
08:49:33,27.7500
08:49:34,27.8750
08:49:35,28.0620
08:49:36,28.1870
08:49:37,28.4370
08:49:38,28.6250
08:49:39,28.8750
08:49:40,29.0620
08:49:41,29.3120
08:49:42,29.5000
08:49:43,29.7500
08:49:45,29.9370
08:49:46,30.1250
08:49:47,30.3120
08:49:48,30.5620
08:49:49,30.7500
08:49:50,30.8750
08:49:51,31.1250
08:49:52,31.1250
08:49:53,31.4370
08:49:54,31.6250
08:49:55,31.8120
08:49:56,32.0000
08:49:57,32.1250
08:49:58,32.3120
08:49:59,32.5000
08:50:00,32.6250
08:50:01,32.8120
08:50:02,32.9370
08:50:03,33.1250
08:50:04,33.2500
08:50:06,33.3750
08:50:07,33.5000
08:50:08,33.5000
08:50:09,33.5000
08:50:10,33.5000
08:50:11,33.4370
08:50:12,33.3120
08:50:13,33.2500
08:50:14,33.1250
08:50:15,33.0000
08:50:16,32.9370
08:50:17,32.7500
08:50:18,32.5620
08:50:19,32.3750
08:50:20,32.1870
08:50:21,31.9370
08:50:22,31.7500
08:50:23,31.5620
08:50:24,31.3750
08:50:25,31.1870
08:50:26,31.0620
08:50:27,30.9370
08:50:28,30.7500
08:50:30,30.6250
08:50:31,30.5000
08:50:32,30.3120
08:50:33,30.1870
08:50:34,30.0620
08:50:35,29.9370
08:50:36,29.8120
08:50:37,29.6250
08:50:38,29.5000
08:50:39,29.3120
08:50:40,29.1250
08:50:41,29.1250
08:50:42,28.7500
08:50:43,28.6870
08:50:44,28.5620
08:50:45,28.3750
08:50:46,28.1870
08:50:47,28.1250
08:50:48,28.0000
08:50:49,27.8120
08:50:50,27.7500
08:50:51,27.6250
08:50:52,27.5620
08:50:54,27.3750
08:50:55,27.2500
08:50:56,27.1870
08:50:57,27.0620
08:50:58,26.9370
08:50:59,26.9370
08:51:00,26.6870
08:51:01,26.6250
08:51:02,26.5620
08:51:03,26.5620
08:51:04,26.3750
08:51:05,26.3120
08:51:06,26.2500
08:51:07,26.1250
08:51:08,26.0000
08:51:09,25.8750
08:51:10,25.7500
08:51:11,25.6250
08:51:12,25.5000
08:51:14,25.3750
08:51:15,25.3120
08:51:16,25.2500
08:51:17,25.1250
08:51:18,25.0000
08:51:19,24.8750
08:51:20,24.7500
08:51:21,24.6250
08:51:22,24.5620
08:51:23,24.4370
08:51:24,24.3120
08:51:25,24.1870
08:51:26,24.1250
08:51:27,24.0620
08:51:28,24.0000
08:51:29,23.9370
08:51:30,23.8120
08:51:31,23.8120
08:51:32,23.7500
08:51:33,23.6250
08:51:34,23.6250
08:51:35,23.5000
08:51:36,23.4370
08:51:38,23.3750
08:51:39,23.3120
08:51:40,23.2500
08:51:41,23.2500
08:51:42,23.1870
08:51:43,23.1250
08:51:44,23.1250
08:51:45,23.1250
08:51:46,23.0620
08:51:47,23.0000
08:51:48,22.9370
08:51:49,22.9370
08:51:50,22.8750
08:51:51,22.8120
08:51:52,22.8120
08:51:53,22.7500
08:51:54,22.6870
08:51:55,22.6870
08:51:56,22.6250
08:51:57,22.6250
08:51:58,22.6250
08:52:00,22.5620
08:52:01,22.5000
08:52:02,22.5000
08:52:03,22.4370
08:52:04,22.3120
08:52:05,22.3120
08:52:06,22.2500
08:52:07,22.1870
08:52:08,22.1870
08:52:09,22.1250
08:52:10,22.0620
08:52:11,22.0000
08:52:12,21.9370
08:52:13,21.8750
08:52:14,21.8120
08:52:15,21.7500
08:52:16,21.6870
08:52:17,21.6250
08:52:18,21.6250
08:52:19,21.5000
08:52:20,21.5000
08:52:21,21.5000
08:52:22,21.4370
08:52:23,21.3750
08:52:24,21.3750
08:52:26,21.3750
08:52:27,21.3120
08:52:28,21.3120
08:52:29,21.3120
08:52:30,21.3120
08:52:31,21.3120
08:52:32,21.3120
08:52:33,21.2500
08:52:34,21.2500
08:52:35,21.3120
08:52:36,21.3120
08:52:37,21.3750
08:52:38,21.3750
08:52:39,21.4370
08:52:40,21.5000
08:52:41,21.6250
08:52:42,21.7500
08:52:43,21.8120
08:52:44,21.8750
08:52:45,22.0000
08:52:46,22.1250
08:52:48,22.2500
08:52:49,22.3120
08:52:50,22.3750
08:52:51,22.4370
08:52:52,22.5000
08:52:53,22.5000
08:52:54,22.5000
08:52:55,22.4370
08:52:56,22.4370
08:52:57,22.3120
08:52:58,22.3120
08:52:59,22.3120
08:53:00,22.2500
08:53:01,22.2500
08:53:02,22.2500
08:53:03,22.1870
08:53:04,22.3120
08:53:05,22.3120
08:53:06,22.6870
08:53:08,23.0620
08:53:09,23.4370
08:53:10,23.7500
08:53:11,24.1870
08:53:12,24.6250
08:53:13,25.0620
08:53:14,25.5000
08:53:15,25.9370
08:53:16,26.3120
08:53:17,26.6870
08:53:18,27.0620
08:53:19,27.3750
08:53:20,27.6870
08:53:21,28.0620
08:53:22,28.3120
08:53:23,28.5620
08:53:24,28.8120
08:53:25,29.0000
08:53:26,29.1870
08:53:27,29.3750
08:53:29,29.4370
08:53:30,29.5000
08:53:31,29.5620
08:53:32,29.5620
08:53:33,29.5000
08:53:34,29.4370
08:53:35,29.3750
08:53:36,29.2500
08:53:37,29.1870
08:53:38,29.0620
08:53:39,29.0000
08:53:40,28.8750
08:53:41,28.6870
08:53:42,28.5620
08:53:43,28.3750
08:53:44,28.2500
08:53:45,28.1250
08:53:46,28.0620
08:53:47,27.9370
08:53:48,27.8750
08:53:49,27.8120
08:53:50,27.7500
08:53:52,27.6870
08:53:53,27.6250
08:53:54,27.6870
08:53:55,27.8120
08:53:56,28.0620
08:53:57,28.3120
08:53:58,28.6250
08:53:59,29.0000
08:54:00,29.3120
08:54:01,29.6250
08:54:02,29.9370
08:54:03,30.1250
08:54:04,30.3120
08:54:05,30.5000
08:54:06,30.5620
08:54:07,30.6250
08:54:08,30.6870
08:54:09,30.6250
08:54:10,30.6250
08:54:11,30.6250
08:54:12,30.5620
08:54:13,30.4370
08:54:14,30.3750
08:54:16,30.2500
08:54:17,30.2500
08:54:18,30.0000
08:54:19,29.8750
08:54:20,29.8120
08:54:21,29.6870
08:54:22,29.6250
08:54:23,29.5620
08:54:24,29.5000
08:54:25,29.3750
08:54:26,29.3750
08:54:27,29.3120
08:54:28,29.2500
08:54:29,29.2500
08:54:30,29.1870
08:54:31,29.1250
08:54:32,29.0620
08:54:33,29.0620
08:54:34,29.0000
08:54:35,28.9370
08:54:36,28.8120
08:54:38,28.7500
08:54:39,28.6250
08:54:40,28.5620
08:54:41,28.3750
08:54:42,28.1870
08:54:43,28.0000
08:54:44,27.9370
08:54:45,27.8120
08:54:46,27.6870
08:54:47,27.5620
08:54:48,27.4370
08:54:49,27.3120
08:54:50,27.1870
08:54:51,27.1250
08:54:52,27.0000
08:54:53,26.8750
08:54:54,26.8750
08:54:55,26.7500
08:54:56,26.6870
08:54:57,26.6250
08:54:58,26.5000
08:54:59,26.4370
08:55:00,26.3750
08:55:01,26.2500
08:55:02,26.1870
08:55:04,26.0000
08:55:05,25.8120
08:55:06,25.6870
08:55:07,25.6250
