time,lon,lat,speed,ds18b20_temp,si7021_hum,si7021_temp
08:31:20,-96.2913,30.5523,0.0030,17.5000,61.1558,17.9242
08:31:21,-96.2913,30.5523,0.0110,17.5620,61.1558,17.9242
08:31:22,-96.2913,30.5523,0.0250,17.5620,61.1558,17.9242
08:31:23,-96.2913,30.5523,0.0140,17.5620,61.1558,17.9242
08:31:24,-96.2913,30.5523,0.0020,17.5620,61.1558,17.9242
08:31:25,-96.2913,30.5523,0.0070,17.5620,61.1558,17.9242
08:31:26,-96.2913,30.5523,0.0160,17.5620,61.1558,17.9242
08:31:27,-96.2913,30.5523,0.0050,17.6250,61.1558,17.9242
08:31:28,-96.2913,30.5523,0.0130,17.6250,61.1558,17.9242
08:31:29,-96.2913,30.5523,0.0110,17.6250,61.1558,17.9242
08:31:30,-96.2913,30.5523,0.0040,17.6250,61.1558,17.9242
08:31:31,-96.2913,30.5523,0.0040,17.6870,61.1558,17.9242
08:31:32,-96.2913,30.5523,0.0120,17.6870,61.1558,17.9242
08:31:33,-96.2913,30.5523,0.0120,17.6870,61.1558,17.9242
08:31:34,-96.2913,30.5523,0.0090,17.6870,61.1558,17.9242
08:31:36,-96.2913,30.5523,0.6120,17.7500,60.6656,17.9242
08:31:37,-96.2913,30.5523,1.0070,17.7500,60.6656,17.9242
08:31:38,-96.2913,30.5523,1.5920,17.7500,60.6656,17.9242
08:31:39,-96.2913,30.5523,1.9110,17.7500,60.6656,17.9242
08:31:40,-96.2913,30.5523,2.1290,17.6870,60.6656,17.9242
08:31:41,-96.2913,30.5523,2.3270,17.6870,60.6656,17.9242
08:31:42,-96.2913,30.5523,2.4540,17.6870,60.6656,17.9242
08:31:43,-96.2913,30.5523,2.8450,17.6870,60.6656,17.9242
08:31:44,-96.2912,30.5523,3.3730,17.6870,60.6656,17.9242
08:31:45,-96.2912,30.5522,3.4470,17.6250,60.6656,17.9242
08:31:46,-96.2912,30.5522,3.1390,17.6870,60.6656,17.9242
08:31:47,-96.2911,30.5522,2.9880,17.6870,60.6656,17.9242
08:31:48,-96.2911,30.5522,2.9360,17.6870,60.1755,17.9242
08:31:49,-96.2911,30.5522,3.0250,17.6870,60.1755,17.9242
08:31:50,-96.2912,30.5521,2.9570,17.6870,60.1755,17.9242
08:31:51,-96.2912,30.5521,2.7160,17.6870,60.1755,17.9242
08:31:52,-96.2912,30.5521,3.0560,17.6250,60.1755,17.9242
08:31:53,-96.2912,30.5521,3.4580,17.6870,60.1755,17.9242
08:31:54,-96.2913,30.5521,3.7460,17.6870,60.1755,17.9242
08:31:55,-96.2913,30.5521,4.0870,17.6870,60.1755,17.9242
08:31:56,-96.2913,30.5521,4.5220,17.6250,60.1755,17.9242
08:31:57,-96.2914,30.5521,5.0510,17.6250,60.1755,17.9242
08:31:58,-96.2914,30.5522,5.8790,17.6250,60.1755,17.9242
08:31:59,-96.2915,30.5522,6.4990,17.6250,60.1755,17.9242
08:32:00,-96.2915,30.5522,6.4990,17.6250,60.1755,17.9242
08:32:02,-96.2916,30.5523,6.2250,17.6250,59.6853,17.9242
08:32:03,-96.2916,30.5523,4.8350,17.6870,59.6853,17.9242
08:32:04,-96.2916,30.5524,3.5830,17.6870,59.6853,17.9242
08:32:05,-96.2917,30.5524,3.4090,17.6870,59.6853,17.9242
08:32:06,-96.2917,30.5524,3.8150,17.6250,59.6853,17.9242
08:32:07,-96.2918,30.5524,4.4700,17.6250,59.6853,17.9242
08:32:08,-96.2918,30.5524,5.1770,17.6250,59.6853,17.9242
08:32:09,-96.2919,30.5523,6.1510,17.5000,59.6853,17.9242
08:32:10,-96.2919,30.5523,7.1110,17.5000,59.6853,17.9242
08:32:11,-96.2920,30.5523,7.8310,17.5000,59.1951,17.9242
08:32:12,-96.2920,30.5522,8.2030,17.4370,59.1951,17.9242
08:32:13,-96.2921,30.5522,8.2260,17.4370,59.1951,17.9242
08:32:14,-96.2921,30.5521,7.7290,17.4370,59.1951,17.9242
08:32:15,-96.2922,30.5521,6.6490,17.4370,59.1951,17.9242
08:32:16,-96.2922,30.5520,5.0060,17.3750,59.1951,17.9242
08:32:17,-96.2922,30.5520,3.2070,17.4370,59.1951,17.9242
08:32:18,-96.2923,30.5520,2.6430,17.3750,59.1951,17.9242
08:32:19,-96.2923,30.5520,3.2380,17.3750,59.1951,17.9242
08:32:20,-96.2923,30.5519,3.7020,17.3750,59.1951,17.9242
08:32:21,-96.2924,30.5520,4.1740,17.3750,59.1951,17.9242
08:32:22,-96.2924,30.5520,4.7810,17.3750,59.1951,17.9242
08:32:23,-96.2925,30.5520,6.1860,17.3750,59.1951,17.9242
08:32:24,-96.2926,30.5521,7.1600,17.3750,59.1951,17.9242
08:32:25,-96.2926,30.5521,8.1540,17.3120,59.1951,17.9242
08:32:26,-96.2927,30.5522,8.9880,17.3120,59.1951,17.9242
08:32:28,-96.2929,30.5523,10.5590,17.3120,59.1951,17.9242
08:32:29,-96.2929,30.5524,11.1170,17.2500,59.1951,17.9242
08:32:30,-96.2930,30.5524,11.4620,17.2500,59.1951,17.9242
08:32:31,-96.2931,30.5525,11.7620,17.2500,59.1951,17.9242
08:32:32,-96.2932,30.5526,12.0240,17.2500,59.1951,17.9242
08:32:33,-96.2933,30.5526,12.2890,17.2500,58.7049,17.9242
08:32:34,-96.2934,30.5527,12.5430,17.1870,59.1951,17.9242
08:32:35,-96.2935,30.5528,12.7440,17.1870,58.7049,17.9242
08:32:36,-96.2936,30.5529,12.9100,17.1250,58.7049,17.9242
08:32:37,-96.2937,30.5529,13.0820,17.1250,59.1951,17.9242
08:32:38,-96.2938,30.5530,13.1930,17.1250,59.1951,17.9242
08:32:39,-96.2939,30.5531,13.2220,17.1250,59.1951,17.9242
08:32:40,-96.2940,30.5532,13.0420,17.0620,59.1951,17.9242
08:32:41,-96.2941,30.5532,12.6730,17.0620,59.1951,17.9242
08:32:42,-96.2942,30.5533,12.1290,17.0620,59.1951,17.9242
08:32:43,-96.2943,30.5534,11.0690,17.0620,59.1951,17.9242
08:32:44,-96.2944,30.5534,9.9000,17.0000,59.1951,17.9242
08:32:45,-96.2945,30.5535,8.5600,17.0000,59.1951,17.9242
08:32:46,-96.2945,30.5535,6.9860,17.0000,59.1951,17.9242
08:32:47,-96.2946,30.5536,5.2780,17.0000,59.1951,17.9242
08:32:48,-96.2946,30.5536,3.7740,17.0000,59.1951,17.9242
08:32:49,-96.2946,30.5536,3.6820,17.0000,59.1951,17.9242
08:32:50,-96.2947,30.5536,4.0440,17.0000,59.1951,17.9242
08:32:52,-96.2946,30.5537,5.1390,17.0000,59.1951,17.9242
08:32:53,-96.2946,30.5538,5.8540,17.0000,58.7049,17.9242
08:32:54,-96.2946,30.5538,6.7750,17.0620,58.7049,17.9242
08:32:55,-96.2945,30.5539,7.6450,17.1250,58.7049,17.9242
08:32:56,-96.2945,30.5539,8.2350,17.1250,58.7049,17.9242
08:32:57,-96.2944,30.5540,8.4960,17.1870,58.7049,17.9242
08:32:58,-96.2943,30.5540,8.5160,17.1870,58.7049,17.9242
08:32:59,-96.2943,30.5541,8.1450,17.1870,58.7049,17.9242
08:33:00,-96.2942,30.5542,7.7130,17.1870,58.7049,17.9242
08:33:01,-96.2942,30.5542,7.1240,17.1870,58.2147,17.9242
08:33:02,-96.2941,30.5542,6.2180,17.1870,58.2147,17.9242
08:33:03,-96.2941,30.5543,5.1130,17.1870,58.2147,17.9242
08:33:04,-96.2941,30.5543,3.9500,17.1870,58.2147,17.9242
08:33:05,-96.2940,30.5543,2.3340,17.2500,58.2147,17.9242
08:33:06,-96.2940,30.5543,1.1070,17.3120,58.2147,17.9242
08:33:07,-96.2940,30.5544,0.3990,17.3750,58.2147,17.9242
08:33:08,-96.2940,30.5544,0.0610,17.3750,58.2147,17.9242
08:33:09,-96.2940,30.5544,0.0040,17.4370,58.2147,17.9242
08:33:10,-96.2940,30.5544,0.0060,17.5000,58.2147,17.9242
08:33:11,-96.2940,30.5544,0.0080,17.5620,58.2147,17.9242
08:33:12,-96.2940,30.5544,0.0080,17.6250,58.2147,17.9242
08:33:13,-96.2940,30.5544,0.0150,17.6870,58.2147,17.9242
08:33:14,-96.2940,30.5544,0.0190,17.7500,58.2147,17.9242
08:33:16,-96.2940,30.5544,0.0060,17.8120,58.2147,17.9242
08:33:17,-96.2940,30.5544,0.0040,17.8750,58.2147,17.9242
08:33:18,-96.2940,30.5544,0.0060,17.9370,58.2147,17.9242
08:33:19,-96.2940,30.5544,0.0100,18.0000,58.2147,17.9242
08:33:20,-96.2940,30.5544,0.0040,18.0620,58.2147,17.9242
08:33:21,-96.2940,30.5544,0.0030,18.1250,58.2147,17.9242
08:33:22,-96.2940,30.5544,0.0060,18.1250,58.2147,17.9242
08:33:23,-96.2940,30.5544,0.0110,18.2500,58.2147,17.9242
08:33:24,-96.2940,30.5544,0.0070,18.2500,58.2147,17.9242
08:33:25,-96.2940,30.5544,0.0030,18.3120,58.2147,17.9242
08:33:26,-96.2940,30.5544,0.0070,18.3750,58.2147,17.9242
08:33:27,-96.2940,30.5544,0.0040,18.3750,58.2147,17.9242
08:33:28,-96.2940,30.5544,0.0090,18.5000,58.2147,17.9242
08:33:29,-96.2940,30.5544,0.0040,18.5620,58.2147,17.9242
08:33:30,-96.2940,30.5544,0.0180,18.6250,58.2147,17.9242
08:33:31,-96.2940,30.5544,0.0060,18.6250,58.2147,17.9242
08:33:32,-96.2940,30.5544,0.0070,18.6870,58.2147,17.9242
08:33:33,-96.2940,30.5544,0.0100,18.7500,58.2147,17.9242
08:33:34,-96.2940,30.5544,0.0100,18.8120,58.2147,17.9242
08:33:35,-96.2940,30.5544,0.0020,18.8750,58.2147,17.9242
08:33:36,-96.2940,30.5544,0.0110,18.9370,58.2147,17.9242
08:33:38,-96.2940,30.5544,0.0060,19.0620,58.2147,17.9242
08:33:39,-96.2940,30.5544,0.0070,19.0620,58.2147,17.9242
08:33:40,-96.2940,30.5544,0.0070,19.1870,58.2147,17.9242
08:33:41,-96.2940,30.5544,0.0090,19.1870,58.2147,17.9242
08:33:42,-96.2940,30.5544,0.0110,19.2500,58.7049,17.9242
08:33:43,-96.2940,30.5544,0.0120,19.3120,58.7049,17.9242
08:33:44,-96.2940,30.5544,0.0050,19.3750,58.7049,17.9242
08:33:45,-96.2940,30.5544,0.0120,19.3750,58.7049,17.9242
08:33:46,-96.2940,30.5544,0.0050,19.4370,58.7049,17.9242
08:33:47,-96.2940,30.5544,0.0070,19.5620,58.7049,17.9242
08:33:48,-96.2940,30.5544,0.0030,19.6250,58.7049,17.9242
08:33:49,-96.2940,30.5544,0.0030,19.6250,58.7049,17.9242
08:33:50,-96.2940,30.5544,0.0080,19.6870,58.7049,17.9242
08:33:51,-96.2940,30.5544,0.0080,19.7500,58.7049,17.9242
08:33:52,-96.2940,30.5544,0.0130,19.8120,58.7049,17.9242
08:33:53,-96.2940,30.5544,0.0150,19.8750,58.7049,17.9242
08:33:54,-96.2940,30.5544,0.0080,19.9370,58.7049,17.9242
08:33:55,-96.2940,30.5544,0.0200,20.0620,58.7049,17.9242
08:33:56,-96.2940,30.5544,0.0100,20.1250,58.7049,17.9242
08:33:57,-96.2940,30.5544,0.0030,20.1870,58.7049,17.9242
08:33:58,-96.2940,30.5544,0.0160,20.2500,58.7049,17.9242
08:34:00,-96.2940,30.5544,0.0040,20.3750,58.7049,17.9242
08:34:01,-96.2940,30.5544,0.0080,20.4370,58.7049,17.9242
08:34:02,-96.2940,30.5544,0.0080,20.5000,58.7049,17.9242
08:34:03,-96.2940,30.5544,0.0110,20.6250,58.7049,17.9242
08:34:04,-96.2940,30.5544,0.0050,20.6870,58.7049,17.9242
08:34:05,-96.2940,30.5544,0.0040,20.7500,58.7049,17.9242
08:34:06,-96.2940,30.5544,0.0520,20.8120,58.7049,17.9242
08:34:07,-96.2940,30.5544,0.0120,20.9370,58.7049,17.9242
08:34:08,-96.2940,30.5544,0.0140,21.0000,58.7049,17.9242
08:34:09,-96.2940,30.5544,0.0040,21.0620,58.7049,17.9242
08:34:10,-96.2940,30.5544,0.0220,21.1250,58.7049,17.9242
08:34:11,-96.2940,30.5544,0.0040,21.1870,58.7049,17.9242
08:34:12,-96.2940,30.5544,0.0140,21.2500,58.7049,17.9242
08:34:13,-96.2940,30.5544,0.0020,21.3120,58.7049,17.9242
08:34:14,-96.2940,30.5544,0.0210,21.3750,58.7049,17.9242
08:34:15,-96.2940,30.5544,0.0060,21.3750,58.7049,17.9242
08:34:16,-96.2940,30.5544,0.0060,21.4370,58.7049,17.9242
08:34:17,-96.2940,30.5544,0.0030,21.5000,58.7049,17.9242
08:34:18,-96.2940,30.5544,0.0170,21.5620,58.7049,17.9242
08:34:19,-96.2940,30.5544,0.0050,21.5620,58.7049,17.9242
08:34:20,-96.2940,30.5544,0.0210,21.5620,58.7049,17.9242
08:34:21,-96.2940,30.5544,0.0060,21.6250,58.2147,17.9242
08:34:22,-96.2940,30.5544,0.0090,21.6870,58.2147,17.9242
08:34:23,-96.2940,30.5544,0.0130,21.7500,58.2147,17.9242
08:34:24,-96.2940,30.5544,0.0200,21.7500,58.2147,17.9242
08:34:26,-96.2940,30.5544,0.0110,21.7500,58.2147,17.9242
08:34:27,-96.2940,30.5544,0.0080,21.8120,58.2147,17.9242
08:34:28,-96.2940,30.5544,0.0080,21.8120,58.2147,17.9242
08:34:29,-96.2940,30.5544,0.0080,21.8750,58.2147,17.9242
08:34:30,-96.2940,30.5544,0.0190,21.8750,57.7245,17.9242
08:34:31,-96.2940,30.5544,0.1680,21.8750,57.7245,17.9242
08:34:32,-96.2940,30.5544,0.2930,21.9370,57.7245,17.9242
08:34:33,-96.2940,30.5544,0.1850,21.9370,57.7245,17.9242
08:34:34,-96.2940,30.5544,0.3330,21.9370,57.7245,17.9242
08:34:35,-96.2940,30.5544,0.5050,21.9370,57.7245,17.9242
08:34:36,-96.2940,30.5544,1.4250,21.9370,57.2343,17.9242
08:34:37,-96.2940,30.5544,3.2160,21.9370,57.2343,17.9242
08:34:38,-96.2940,30.5545,5.1140,22.0000,57.2343,18.6133
08:34:39,-96.2939,30.5545,6.3780,22.0000,57.2343,17.9242
08:34:40,-96.2939,30.5545,7.7260,22.0000,57.2343,18.6133
08:34:41,-96.2938,30.5546,8.8830,22.0000,57.2343,18.6133
08:34:42,-96.2937,30.5547,9.8260,22.0000,57.2343,18.6133
08:34:43,-96.2937,30.5547,10.5220,22.0000,57.2343,18.6133
08:34:44,-96.2936,30.5548,10.2780,21.9370,57.2343,18.6133
08:34:45,-96.2935,30.5549,9.7030,22.0000,57.2343,18.6133
08:34:46,-96.2934,30.5549,8.9150,21.9370,57.2343,18.6133
08:34:48,-96.2933,30.5550,7.7480,21.9370,57.2343,18.6133
08:34:49,-96.2933,30.5551,6.9410,21.8750,57.2343,18.6133
08:34:50,-96.2932,30.5551,6.3200,21.8750,57.2343,18.6133
08:34:51,-96.2932,30.5552,5.6910,21.8120,57.2343,18.6133
08:34:52,-96.2932,30.5552,5.8090,21.8120,57.2343,18.6133
08:34:53,-96.2932,30.5553,6.1550,21.7500,57.2343,18.6133
08:34:54,-96.2932,30.5553,6.7230,21.8120,57.2343,18.6133
08:34:55,-96.2932,30.5554,7.4230,21.7500,57.2343,18.6133
08:34:56,-96.2933,30.5554,8.4140,21.7500,57.2343,18.6133
08:34:57,-96.2933,30.5555,9.4980,21.7500,57.2343,18.6133
08:34:58,-96.2934,30.5555,10.5170,21.6870,57.2343,18.6133
08:34:59,-96.2935,30.5556,11.5340,21.6870,57.2343,18.6133
08:35:00,-96.2936,30.5557,12.4680,21.6250,57.2343,18.6133
08:35:01,-96.2937,30.5557,13.3130,21.6250,57.2343,18.6133
08:35:02,-96.2938,30.5558,14.0220,21.5620,57.2343,18.6133
08:35:03,-96.2939,30.5559,14.7260,21.5620,57.2343,18.6133
08:35:04,-96.2940,30.5560,15.4050,21.5000,57.2343,18.6133
08:35:05,-96.2942,30.5561,16.0230,21.4370,57.2343,18.6133
08:35:06,-96.2943,30.5562,16.6270,21.3750,57.2343,18.6133
08:35:07,-96.2944,30.5563,17.1960,21.3750,57.2343,18.6133
08:35:08,-96.2946,30.5564,17.7320,21.3750,57.2343,18.6133
08:35:09,-96.2947,30.5565,18.2420,21.1870,57.2343,18.6133
08:35:10,-96.2948,30.5566,18.7210,21.1870,57.2343,18.6133
08:35:11,-96.2950,30.5567,19.3380,21.1250,57.2343,18.6133
08:35:12,-96.2951,30.5569,19.9130,21.0620,57.2343,18.6133
08:35:14,-96.2955,30.5571,20.8450,21.0620,57.2343,18.6133
08:35:15,-96.2956,30.5572,21.3360,21.0000,57.2343,18.6133
08:35:16,-96.2958,30.5574,21.7440,20.8750,57.2343,18.6133
08:35:17,-96.2960,30.5575,22.1340,20.8750,57.2343,18.6133
08:35:18,-96.2961,30.5576,22.4700,20.6870,57.2343,18.6133
08:35:19,-96.2963,30.5578,22.7770,20.6870,57.2343,18.6133
08:35:20,-96.2965,30.5579,23.0580,20.6250,57.2343,18.6133
08:35:21,-96.2965,30.5579,23.0580,20.5000,57.2343,18.6133
08:35:22,-96.2967,30.5580,23.3470,20.4370,57.2343,18.6133
08:35:23,-96.2969,30.5582,23.6350,20.3120,57.2343,18.6133
08:35:24,-96.2970,30.5583,23.8420,20.1870,57.2343,18.6133
08:35:25,-96.2972,30.5585,24.0010,20.0620,56.7441,18.6133
08:35:26,-96.2974,30.5586,24.1340,20.0000,56.7441,18.6133
08:35:27,-96.2976,30.5588,24.2220,19.8750,56.7441,18.6133
08:35:28,-96.2978,30.5589,24.2000,19.8120,56.7441,18.6133
08:35:29,-96.2980,30.5591,24.1160,19.7500,56.7441,18.6133
08:35:30,-96.2982,30.5592,24.0140,19.7500,56.7441,18.6133
08:35:31,-96.2983,30.5593,23.9020,19.5000,56.7441,18.6133
08:35:32,-96.2985,30.5595,23.7680,19.4370,56.7441,18.6133
08:35:33,-96.2987,30.5596,23.6100,19.3750,56.7441,18.6133
08:35:34,-96.2989,30.5597,23.4250,19.3120,56.7441,18.6133
08:35:35,-96.2991,30.5598,23.2260,19.1870,56.7441,18.6133
08:35:36,-96.2993,30.5600,22.8230,19.0620,56.7441,18.6133
08:35:38,-96.2997,30.5602,21.4720,19.0620,56.2540,18.6133
08:35:39,-96.2999,30.5602,20.2740,18.9370,56.2540,18.6133
08:35:40,-96.3001,30.5603,18.9700,18.8750,56.2540,18.6133
08:35:41,-96.3004,30.5605,16.4710,18.8120,56.2540,18.6133
08:35:42,-96.3005,30.5605,15.6860,18.7500,56.2540,18.6133
08:35:43,-96.3007,30.5606,14.9300,18.6870,56.2540,18.6133
08:35:44,-96.3008,30.5607,14.6680,18.6250,56.2540,18.6133
08:35:45,-96.3008,30.5608,14.4410,18.5620,56.2540,18.6133
08:35:46,-96.3009,30.5610,14.6250,18.5620,56.2540,18.6133
08:35:47,-96.3009,30.5611,14.9990,18.5000,56.2540,18.6133
08:35:48,-96.3010,30.5612,15.5470,18.4370,56.2540,18.6133
08:35:49,-96.3010,30.5614,16.2310,18.3750,56.2540,18.6133
08:35:50,-96.3011,30.5615,16.9800,18.3750,56.2540,18.6133
08:35:51,-96.3011,30.5617,17.6950,18.3120,56.2540,18.6133
08:35:52,-96.3012,30.5618,18.4070,18.3120,56.2540,18.6133
08:35:53,-96.3012,30.5620,19.0300,18.2500,56.2540,18.6133
08:35:54,-96.3013,30.5621,19.5460,18.1870,56.2540,18.6133
08:35:55,-96.3014,30.5623,19.9560,18.1250,56.2540,18.6133
08:35:56,-96.3014,30.5625,20.3380,18.1250,56.2540,18.6133
08:35:57,-96.3015,30.5626,20.7230,18.1250,56.2540,18.6133
08:35:58,-96.3016,30.5628,21.1330,18.0000,56.2540,18.6133
08:35:59,-96.3017,30.5630,21.5260,18.0000,56.2540,18.6133
08:36:00,-96.3018,30.5632,21.8670,17.9370,56.2540,18.6133
08:36:01,-96.3019,30.5633,22.0720,17.9370,56.2540,18.6133
08:36:02,-96.3020,30.5635,22.1820,17.8750,56.2540,18.6133
08:36:04,-96.3023,30.5639,22.4270,17.8120,56.2540,18.6133
08:36:05,-96.3024,30.5640,22.5380,17.8120,56.2540,18.6133
08:36:06,-96.3026,30.5642,22.6810,17.7500,55.7638,18.6133
08:36:07,-96.3027,30.5644,22.7700,17.7500,55.7638,18.6133
08:36:08,-96.3029,30.5645,22.8530,17.6870,55.7638,18.6133
08:36:09,-96.3030,30.5647,22.9180,17.6870,55.7638,18.6133
08:36:10,-96.3032,30.5648,23.0500,17.6250,55.7638,18.6133
08:36:11,-96.3033,30.5650,23.2020,17.6250,55.7638,18.6133
08:36:12,-96.3035,30.5651,23.3800,17.5620,55.7638,18.6133
08:36:13,-96.3037,30.5653,23.5820,17.5000,55.7638,18.6133
08:36:14,-96.3038,30.5654,23.7610,17.4370,55.7638,18.6133
08:36:15,-96.3040,30.5656,23.8930,17.4370,55.2736,18.6133
08:36:16,-96.3042,30.5658,23.9470,17.3750,55.2736,18.6133
08:36:17,-96.3044,30.5659,23.9470,17.3750,55.2736,18.6133
08:36:18,-96.3046,30.5661,23.9160,17.3120,55.2736,18.6133
08:36:19,-96.3047,30.5662,23.8220,17.2500,55.2736,18.6133
08:36:20,-96.3049,30.5664,23.8890,17.2500,55.2736,18.6133
08:36:21,-96.3051,30.5665,24.0150,17.1870,55.2736,18.6133
08:36:22,-96.3053,30.5667,24.1180,17.1870,55.2736,18.6133
08:36:23,-96.3055,30.5668,24.2130,17.1870,54.7834,18.6133
08:36:24,-96.3057,30.5670,24.3400,17.1250,54.7834,18.6133
08:36:25,-96.3058,30.5671,24.4220,17.1250,54.7834,18.6133
08:36:26,-96.3060,30.5673,24.5130,17.1250,54.7834,18.6133
08:36:28,-96.3064,30.5676,24.6070,17.0620,54.7834,18.6133
08:36:29,-96.3066,30.5677,24.5950,17.0000,54.7834,18.6133
08:36:30,-96.3068,30.5679,24.5930,17.0000,54.7834,18.6133
08:36:31,-96.3069,30.5680,24.5810,17.0000,54.7834,18.6133
08:36:32,-96.3071,30.5682,24.5650,17.0000,54.7834,18.6133
08:36:33,-96.3073,30.5684,24.4760,16.9370,54.7834,18.6133
08:36:34,-96.3075,30.5685,24.3230,16.9370,54.7834,18.6133
08:36:35,-96.3077,30.5687,24.1760,16.9370,54.7834,18.6133
08:36:36,-96.3078,30.5688,23.9870,16.9370,54.7834,18.6133
08:36:37,-96.3080,30.5690,23.5470,16.9370,54.7834,18.6133
08:36:38,-96.3082,30.5691,22.9140,16.8750,54.7834,18.6133
08:36:39,-96.3083,30.5693,22.3190,16.8120,54.7834,18.6133
08:36:40,-96.3085,30.5694,22.1940,16.8750,54.7834,18.6133
08:36:41,-96.3087,30.5695,22.4190,16.8120,54.7834,18.6133
08:36:42,-96.3088,30.5697,22.4990,16.8120,54.7834,18.6133
08:36:43,-96.3090,30.5698,22.4850,16.7500,54.7834,18.6133
08:36:44,-96.3092,30.5700,22.4620,16.7500,54.7834,18.6133
08:36:45,-96.3093,30.5701,22.5110,16.7500,54.7834,18.6133
08:36:46,-96.3095,30.5703,22.6090,16.6870,54.7834,18.6133
08:36:47,-96.3097,30.5704,22.6860,16.6870,54.7834,18.6133
08:36:48,-96.3098,30.5705,22.8010,16.6870,54.7834,18.6133
08:36:49,-96.3100,30.5707,22.8850,16.6250,54.7834,18.6133
08:36:50,-96.3102,30.5708,22.8890,16.6250,54.7834,18.6133
08:36:52,-96.3105,30.5711,22.8880,16.6250,54.7834,18.6133
08:36:53,-96.3107,30.5713,22.9180,16.6250,54.7834,18.6133
08:36:54,-96.3109,30.5714,23.0160,16.6250,54.7834,18.6133
08:36:55,-96.3110,30.5716,23.0910,16.6250,54.7834,18.6133
08:36:56,-96.3112,30.5717,23.1680,16.5620,54.7834,18.6133
08:36:57,-96.3114,30.5719,23.2220,16.5620,54.7834,18.6133
08:36:58,-96.3115,30.5720,23.2470,16.5620,54.7834,18.6133
08:36:59,-96.3117,30.5722,23.2710,16.5620,54.7834,18.6133
08:37:00,-96.3117,30.5722,23.2710,16.5620,54.7834,18.6133
08:37:01,-96.3119,30.5723,23.3930,16.5620,54.7834,18.6133
08:37:02,-96.3120,30.5725,23.5220,16.5620,54.7834,18.6133
08:37:03,-96.3122,30.5726,23.7170,16.5620,54.7834,18.6133
08:37:04,-96.3124,30.5728,23.7960,16.5620,54.7834,18.6133
08:37:05,-96.3126,30.5729,23.8910,16.5620,54.7834,18.6133
08:37:06,-96.3128,30.5731,23.9640,16.5620,54.7834,18.6133
08:37:07,-96.3129,30.5732,24.2220,16.5620,54.7834,18.6133
08:37:08,-96.3131,30.5734,24.4480,16.5620,54.7834,18.6133
08:37:09,-96.3133,30.5735,24.6620,16.5620,54.7834,18.6133
08:37:10,-96.3135,30.5737,24.8010,16.5000,54.7834,18.6133
08:37:11,-96.3137,30.5739,24.7440,16.5620,54.7834,18.6133
08:37:12,-96.3138,30.5740,24.7140,16.5620,54.7834,18.6133
08:37:14,-96.3142,30.5743,24.7080,16.5620,54.7834,18.6133
08:37:15,-96.3144,30.5745,24.8840,16.5620,54.7834,18.6133
08:37:16,-96.3146,30.5746,25.0100,16.5000,54.7834,18.6133
08:37:17,-96.3148,30.5748,25.0670,16.5000,54.7834,18.6133
08:37:18,-96.3149,30.5750,25.2070,16.5000,54.7834,18.6133
08:37:19,-96.3151,30.5751,25.4440,16.5000,54.7834,18.6133
08:37:20,-96.3153,30.5753,25.6320,16.5000,54.7834,18.6133
08:37:21,-96.3157,30.5756,25.7980,16.5620,54.7834,18.6133
08:37:22,-96.3159,30.5758,25.8800,16.5000,54.7834,18.6133
08:37:23,-96.3161,30.5759,25.9530,16.5620,54.7834,18.6133
08:37:24,-96.3163,30.5761,26.0450,16.5620,54.7834,18.6133
08:37:25,-96.3165,30.5763,26.1150,16.5000,54.7834,18.6133
08:37:26,-96.3167,30.5764,26.1740,16.5000,54.7834,18.6133
08:37:27,-96.3169,30.5766,26.2480,16.5000,54.7834,18.6133
08:37:28,-96.3171,30.5768,26.2670,16.5000,54.7834,18.6133
08:37:29,-96.3173,30.5769,26.2580,16.5000,54.7834,18.6133
08:37:30,-96.3174,30.5771,26.2220,16.4370,54.7834,18.6133
08:37:31,-96.3176,30.5773,26.2110,16.4370,54.7834,18.6133
08:37:32,-96.3178,30.5774,26.1470,16.5000,54.7834,18.6133
08:37:34,-96.3182,30.5778,25.9880,16.5000,54.7834,18.6133
08:37:35,-96.3184,30.5780,25.8460,16.5000,54.7834,18.6133
08:37:36,-96.3186,30.5781,25.7000,16.5000,54.7834,18.6133
08:37:37,-96.3188,30.5783,25.5520,16.4370,54.7834,18.6133
08:37:38,-96.3189,30.5784,25.3800,16.4370,55.2736,18.6133
08:37:39,-96.3191,30.5786,25.2460,16.5000,55.2736,18.6133
08:37:40,-96.3193,30.5788,25.1100,16.4370,55.2736,18.6133
08:37:41,-96.3195,30.5789,24.9530,16.5000,55.2736,18.6133
08:37:42,-96.3197,30.5791,24.8800,16.5000,55.2736,18.6133
08:37:43,-96.3199,30.5792,24.8250,16.4370,55.2736,18.6133
08:37:44,-96.3201,30.5794,24.7440,16.4370,55.2736,18.6133
08:37:45,-96.3202,30.5796,24.6570,16.5000,55.2736,18.6133
08:37:46,-96.3204,30.5797,24.6060,16.4370,55.2736,18.6133
08:37:47,-96.3206,30.5799,24.5530,16.4370,55.2736,18.6133
08:37:48,-96.3208,30.5800,24.4850,16.4370,55.2736,18.6133
08:37:49,-96.3210,30.5802,24.4190,16.4370,55.2736,18.6133
08:37:50,-96.3211,30.5803,24.2920,16.5000,55.2736,18.6133
08:37:51,-96.3213,30.5805,24.1410,16.5000,55.2736,18.6133
08:37:52,-96.3215,30.5806,24.0250,16.5000,55.2736,18.6133
08:37:53,-96.3217,30.5808,23.8940,16.5000,55.2736,18.6133
08:37:54,-96.3218,30.5809,23.7570,16.5000,55.2736,18.6133
08:37:55,-96.3220,30.5811,23.6400,16.5000,55.2736,18.6133
08:37:56,-96.3222,30.5813,23.5380,16.4370,55.2736,18.6133
08:37:57,-96.3224,30.5814,23.5560,16.5000,55.2736,18.6133
08:37:58,-96.3225,30.5816,23.5940,16.5000,55.2736,18.6133
08:38:00,-96.3229,30.5819,23.6840,16.5000,55.2736,18.6133
08:38:01,-96.3231,30.5820,23.7630,16.5000,55.2736,18.6133
08:38:02,-96.3232,30.5822,23.7680,16.5000,55.2736,18.6133
08:38:03,-96.3234,30.5823,23.7740,16.5000,55.7638,18.6133
08:38:04,-96.3236,30.5825,23.6990,16.5000,55.7638,18.6133
08:38:05,-96.3238,30.5826,23.5370,16.5000,55.7638,18.6133
08:38:06,-96.3239,30.5828,23.3970,16.5000,55.7638,18.6133
08:38:07,-96.3241,30.5829,23.2640,16.5000,55.7638,18.6133
08:38:08,-96.3243,30.5831,23.1120,16.5000,55.7638,18.6133
08:38:09,-96.3244,30.5832,22.9710,16.5000,55.7638,18.6133
08:38:10,-96.3246,30.5833,22.8140,16.5000,55.7638,18.6133
08:38:11,-96.3248,30.5835,22.6250,16.4370,55.7638,18.6133
08:38:12,-96.3249,30.5836,22.5920,16.5000,55.7638,18.6133
08:38:13,-96.3251,30.5838,22.5330,16.5000,55.7638,18.6133
08:38:14,-96.3253,30.5839,22.4870,16.5000,55.7638,18.6133
08:38:15,-96.3254,30.5841,22.4490,16.5000,55.7638,18.6133
08:38:16,-96.3256,30.5842,22.4120,16.5000,55.7638,18.6133
08:38:17,-96.3257,30.5844,22.3600,16.5000,55.7638,18.6133
08:38:18,-96.3259,30.5845,22.3470,16.5000,55.7638,18.6133
08:38:19,-96.3260,30.5847,22.2880,16.5000,55.7638,18.6133
08:38:20,-96.3262,30.5848,22.2740,16.5000,55.7638,18.6133
08:38:21,-96.3263,30.5850,22.2290,16.5000,55.2736,18.6133
08:38:22,-96.3265,30.5851,22.2000,16.5000,55.2736,18.6133
08:38:23,-96.3266,30.5853,21.9720,16.5000,55.2736,18.6133
08:38:24,-96.3268,30.5855,21.5060,16.5000,55.2736,18.6133
08:38:26,-96.3270,30.5857,20.5470,16.5000,55.2736,18.6133
08:38:27,-96.3272,30.5859,20.1840,16.5000,55.2736,18.6133
08:38:28,-96.3273,30.5860,20.0710,16.4370,55.2736,18.6133
08:38:29,-96.3274,30.5862,19.9240,16.5000,55.2736,18.6133
08:38:30,-96.3276,30.5863,19.8640,16.5000,55.2736,18.6133
08:38:31,-96.3277,30.5865,19.8510,16.5620,55.2736,18.6133
08:38:32,-96.3278,30.5866,19.9460,16.5620,55.2736,18.6133
08:38:33,-96.3279,30.5867,19.6750,16.4370,54.7834,18.6133
08:38:34,-96.3281,30.5869,19.4450,16.5000,54.7834,18.6133
08:38:35,-96.3282,30.5870,20.1340,16.5620,54.7834,18.6133
08:38:36,-96.3283,30.5872,19.9630,16.5620,54.7834,18.6133
08:38:37,-96.3284,30.5873,19.8900,16.5620,54.7834,18.6133
08:38:38,-96.3285,30.5875,19.8370,16.6250,54.7834,18.6133
08:38:39,-96.3285,30.5875,19.8370,16.5620,54.7834,18.6133
08:38:40,-96.3286,30.5876,19.9190,16.5620,54.7834,18.6133
08:38:41,-96.3287,30.5878,19.9820,16.5620,54.7834,18.6133
08:38:42,-96.3288,30.5879,19.9970,16.5620,54.7834,18.6133
08:38:43,-96.3289,30.5881,20.0230,16.5620,54.7834,18.6133
08:38:44,-96.3290,30.5883,20.0060,16.5620,54.7834,18.6133
08:38:45,-96.3291,30.5884,19.7480,16.5620,54.7834,18.6133
08:38:46,-96.3293,30.5886,19.4590,16.5620,54.7834,18.6133
08:38:47,-96.3294,30.5887,19.3360,16.5620,54.7834,18.6133
08:38:48,-96.3295,30.5889,19.3690,16.5620,54.7834,18.6133
08:38:49,-96.3296,30.5890,19.3850,16.5620,54.7834,18.6133
08:38:50,-96.3297,30.5892,19.4280,16.6250,54.7834,18.6133
08:38:52,-96.3299,30.5895,19.5260,16.6250,54.7834,18.6133
08:38:53,-96.3300,30.5896,19.4760,16.6250,54.7834,18.6133
08:38:54,-96.3301,30.5898,19.3780,16.6250,54.7834,18.6133
08:38:55,-96.3302,30.5899,19.2840,16.6250,54.7834,18.6133
08:38:56,-96.3303,30.5901,19.1540,16.6250,54.7834,18.6133
08:38:57,-96.3303,30.5902,19.0060,16.6250,54.7834,18.6133
08:38:58,-96.3304,30.5904,18.8290,16.6250,54.7834,18.6133
08:38:59,-96.3305,30.5905,18.6500,16.6250,54.7834,18.6133
08:39:00,-96.3307,30.5908,18.4310,16.6250,54.7834,18.6133
08:39:01,-96.3308,30.5910,18.4050,16.6250,54.7834,18.6133
08:39:02,-96.3309,30.5911,18.4210,16.6250,54.7834,18.6133
08:39:03,-96.3310,30.5913,18.5110,16.6250,54.7834,18.6133
08:39:04,-96.3311,30.5914,18.7740,16.6250,54.7834,18.6133
08:39:05,-96.3312,30.5916,19.1060,16.6250,54.7834,18.6133
08:39:06,-96.3312,30.5917,19.4000,16.6250,54.7834,18.6133
08:39:07,-96.3313,30.5919,19.7010,16.6250,54.7834,18.6133
08:39:08,-96.3314,30.5921,19.9480,16.6250,54.7834,18.6133
08:39:09,-96.3315,30.5922,20.1690,16.6250,54.7834,18.6133
08:39:10,-96.3316,30.5924,20.2930,16.6250,54.7834,18.6133
08:39:11,-96.3317,30.5925,20.3720,16.6250,54.7834,18.6133
08:39:12,-96.3318,30.5927,20.4040,16.5620,54.7834,18.6133
08:39:14,-96.3320,30.5930,20.4030,16.6250,54.7834,18.6133
08:39:15,-96.3321,30.5932,20.3220,16.5620,54.7834,18.6133
08:39:16,-96.3322,30.5934,20.1900,16.6250,54.2932,18.6133
08:39:17,-96.3323,30.5935,20.0640,16.6250,54.2932,18.6133
08:39:18,-96.3324,30.5937,19.8850,16.5620,54.2932,18.6133
08:39:19,-96.3325,30.5938,19.7150,16.5620,54.2932,18.6133
08:39:20,-96.3326,30.5940,19.5140,16.6250,54.2932,18.6133
08:39:21,-96.3327,30.5941,19.3590,16.5620,54.2932,18.6133
08:39:22,-96.3328,30.5943,19.1720,16.5620,54.2932,18.6133
08:39:23,-96.3329,30.5944,18.9570,16.5620,54.2932,18.6133
08:39:24,-96.3330,30.5946,18.8460,16.5620,54.2932,18.6133
08:39:25,-96.3331,30.5947,18.6170,16.5620,54.2932,18.6133
08:39:26,-96.3332,30.5949,18.4730,16.5620,54.2932,18.6133
08:39:27,-96.3332,30.5950,18.2960,16.5620,54.2932,18.6133
08:39:28,-96.3333,30.5952,18.1510,16.5620,54.2932,18.6133
08:39:29,-96.3334,30.5953,18.0680,16.6250,54.2932,18.6133
08:39:30,-96.3335,30.5955,17.9580,16.5620,54.2932,18.6133
08:39:31,-96.3336,30.5956,17.8840,16.6250,54.2932,18.6133
08:39:32,-96.3337,30.5957,17.7850,16.5620,54.2932,18.6133
08:39:33,-96.3338,30.5959,17.7180,16.6250,54.2932,18.6133
08:39:34,-96.3339,30.5960,17.6750,16.6250,54.2932,18.6133
08:39:35,-96.3339,30.5962,17.7050,16.6250,54.2932,18.6133
08:39:36,-96.3340,30.5963,17.7650,16.6250,54.2932,18.6133
08:39:38,-96.3342,30.5966,17.8720,16.5620,54.2932,18.6133
08:39:39,-96.3343,30.5967,18.0490,16.5620,54.2932,18.6133
08:39:40,-96.3344,30.5969,18.2500,16.6250,54.2932,18.6133
08:39:41,-96.3345,30.5970,18.4360,16.5620,54.2932,18.6133
08:39:42,-96.3346,30.5972,18.5550,16.6250,54.2932,18.6133
08:39:43,-96.3347,30.5973,18.6830,16.6250,54.2932,18.6133
08:39:44,-96.3347,30.5975,18.7380,16.6250,54.2932,18.6133
08:39:45,-96.3348,30.5976,18.7280,16.6870,54.2932,18.6133
08:39:46,-96.3349,30.5978,18.7240,16.6870,54.2932,18.6133
08:39:47,-96.3350,30.5979,18.7130,16.6870,54.2932,18.6133
08:39:48,-96.3351,30.5981,18.7040,16.6870,54.2932,18.6133
08:39:49,-96.3352,30.5982,18.6820,16.6870,54.2932,18.6133
08:39:50,-96.3353,30.5984,18.7350,16.6870,54.2932,18.6133
08:39:51,-96.3354,30.5985,18.7420,16.7500,54.2932,18.6133
08:39:52,-96.3355,30.5987,18.7680,16.7500,54.2932,18.6133
08:39:53,-96.3356,30.5988,18.7810,16.7500,54.2932,18.6133
08:39:54,-96.3357,30.5990,18.8330,16.6870,54.2932,18.6133
08:39:55,-96.3357,30.5991,18.7880,16.7500,54.2932,18.6133
08:39:56,-96.3358,30.5993,18.7810,16.7500,54.2932,18.6133
08:39:58,-96.3360,30.5996,18.9480,16.7500,54.2932,18.6133
08:39:59,-96.3361,30.5997,19.1130,16.8120,54.2932,18.6133
08:40:00,-96.3362,30.5999,19.1850,16.8750,54.2932,18.6133
08:40:01,-96.3363,30.6000,19.2170,16.8750,54.2932,18.6133
08:40:02,-96.3364,30.6002,19.1980,16.8750,54.2932,18.6133
08:40:03,-96.3365,30.6003,19.1150,16.8750,53.8030,18.6133
08:40:04,-96.3366,30.6005,18.9410,16.8750,53.8030,18.6133
08:40:05,-96.3367,30.6006,18.7500,16.8750,53.8030,18.6133
08:40:06,-96.3368,30.6008,18.5160,16.8750,53.8030,18.6133
08:40:07,-96.3368,30.6009,18.2970,16.9370,53.8030,18.6133
08:40:08,-96.3369,30.6011,18.0680,16.8750,53.8030,18.6133
08:40:09,-96.3370,30.6012,17.8630,16.8750,53.8030,18.6133
08:40:10,-96.3371,30.6014,17.7380,16.9370,53.8030,18.6133
08:40:11,-96.3372,30.6015,17.5730,16.8750,53.8030,18.6133
08:40:12,-96.3373,30.6017,17.4370,16.8750,53.8030,18.6133
08:40:13,-96.3373,30.6018,17.2130,16.8750,53.8030,18.6133
08:40:14,-96.3374,30.6019,17.0090,16.8120,53.8030,18.6133
08:40:15,-96.3375,30.6021,16.9740,16.8750,53.8030,18.6133
08:40:16,-96.3376,30.6022,16.8510,16.9370,53.8030,18.6133
08:40:17,-96.3377,30.6023,16.8320,16.9370,53.8030,18.6133
08:40:18,-96.3377,30.6023,16.8320,16.9370,53.8030,18.6133
08:40:19,-96.3378,30.6025,16.6730,17.0000,53.8030,18.6133
08:40:20,-96.3378,30.6026,15.9330,17.0620,53.8030,18.6133
08:40:21,-96.3379,30.6027,14.3920,17.1250,53.8030,18.6133
08:40:22,-96.3380,30.6028,12.7560,17.1870,53.8030,18.6133
08:40:24,-96.3381,30.6030,9.6120,17.2500,53.8030,18.6133
08:40:25,-96.3381,30.6031,8.2420,17.3120,53.8030,18.6133
08:40:26,-96.3382,30.6031,7.4340,17.3750,53.8030,18.6133
08:40:27,-96.3382,30.6032,6.6110,17.4370,53.8030,18.6133
08:40:28,-96.3382,30.6032,5.8530,17.5620,53.8030,18.6133
08:40:29,-96.3382,30.6033,5.0440,17.6870,53.8030,18.6133
08:40:30,-96.3383,30.6033,4.9270,17.7500,53.8030,18.6133
08:40:31,-96.3383,30.6034,5.3080,17.8750,53.8030,18.6133
08:40:32,-96.3383,30.6034,6.0090,17.9370,53.8030,18.6133
08:40:33,-96.3383,30.6035,6.8520,18.0620,53.8030,18.6133
08:40:34,-96.3384,30.6035,7.7440,18.1870,53.8030,18.6133
08:40:35,-96.3384,30.6036,8.5560,18.2500,53.8030,18.6133
08:40:36,-96.3385,30.6037,9.1270,18.3120,53.8030,18.6133
08:40:37,-96.3385,30.6037,9.7510,18.3750,53.8030,18.6133
08:40:38,-96.3386,30.6038,10.3970,18.4370,53.8030,18.6133
08:40:39,-96.3387,30.6040,11.0650,18.5620,54.2932,18.6133
08:40:40,-96.3387,30.6041,10.8340,18.6250,54.2932,18.6133
08:40:41,-96.3388,30.6042,10.5750,18.6870,54.2932,18.6133
08:40:42,-96.3388,30.6042,10.3210,18.6870,54.2932,18.6133
08:40:43,-96.3389,30.6043,10.2460,18.7500,54.2932,18.6133
08:40:44,-96.3389,30.6044,10.7130,18.7500,54.2932,18.6133
08:40:45,-96.3390,30.6045,11.3360,18.8120,54.2932,18.6133
08:40:46,-96.3390,30.6046,12.0670,18.8750,54.2932,19.3024
08:40:47,-96.3391,30.6047,12.6870,18.8750,54.2932,19.3024
08:40:48,-96.3391,30.6048,13.2630,19.0000,54.2932,18.6133
08:40:50,-96.3393,30.6050,14.3740,19.0000,54.2932,19.3024
08:40:51,-96.3393,30.6051,14.9230,19.1250,54.2932,18.6133
08:40:52,-96.3394,30.6053,15.3670,19.1250,54.2932,19.3024
08:40:53,-96.3395,30.6054,15.7640,19.1870,54.2932,19.3024
08:40:54,-96.3396,30.6055,16.1210,19.2500,54.2932,19.3024
08:40:55,-96.3396,30.6057,16.3630,19.2500,54.2932,19.3024
08:40:56,-96.3397,30.6058,16.5350,19.2500,54.2932,19.3024
08:40:57,-96.3398,30.6059,16.4600,19.3120,54.2932,19.3024
08:40:58,-96.3399,30.6060,15.9790,19.3120,54.2932,19.3024
08:40:59,-96.3400,30.6062,15.4990,19.3750,54.2932,19.3024
08:41:00,-96.3400,30.6063,15.5800,19.4370,54.2932,19.3024
08:41:01,-96.3401,30.6064,15.7090,19.5000,54.2932,19.3024
08:41:02,-96.3402,30.6065,15.8250,19.5000,54.2932,19.3024
08:41:03,-96.3403,30.6067,15.9870,19.5620,54.2932,19.3024
08:41:04,-96.3404,30.6068,15.9700,19.5620,54.2932,19.3024
08:41:05,-96.3405,30.6069,16.0220,19.5620,54.2932,19.3024
08:41:06,-96.3406,30.6070,15.6480,19.6250,54.2932,19.3024
08:41:07,-96.3407,30.6071,15.5730,19.6250,54.2932,19.3024
08:41:08,-96.3407,30.6073,15.7020,19.7500,54.2932,19.3024
08:41:09,-96.3408,30.6074,15.7760,19.8120,54.2932,19.3024
08:41:10,-96.3409,30.6075,15.8070,19.9370,54.2932,19.3024
08:41:12,-96.3411,30.6077,15.8600,20.0000,54.2932,19.3024
08:41:13,-96.3412,30.6078,15.9160,20.0620,54.2932,19.3024
08:41:14,-96.3413,30.6079,15.9830,20.1870,54.2932,19.3024
08:41:15,-96.3414,30.6081,16.0060,20.2500,54.2932,19.3024
08:41:16,-96.3415,30.6082,15.9530,20.2500,54.2932,19.3024
08:41:17,-96.3416,30.6083,15.9140,20.3120,54.2932,19.3024
08:41:18,-96.3418,30.6084,15.5570,20.3120,54.2932,19.3024
08:41:19,-96.3419,30.6085,15.0880,20.3120,54.2932,19.3024
08:41:20,-96.3419,30.6086,14.9720,20.4370,54.2932,19.3024
08:41:21,-96.3420,30.6087,15.0140,20.4370,54.2932,19.3024
08:41:22,-96.3421,30.6088,15.1620,20.5000,54.2932,19.3024
08:41:23,-96.3422,30.6089,15.3670,20.5000,54.2932,19.3024
08:41:24,-96.3423,30.6090,15.5590,20.5620,54.2932,19.3024
08:41:25,-96.3424,30.6092,15.6550,20.5620,54.2932,19.3024
08:41:26,-96.3425,30.6093,15.6540,20.5620,54.2932,19.3024
08:41:27,-96.3426,30.6094,15.2940,20.6250,54.2932,19.3024
08:41:28,-96.3427,30.6095,15.0680,20.5620,54.2932,19.3024
08:41:29,-96.3428,30.6096,15.1120,20.6250,54.2932,19.3024
08:41:30,-96.3429,30.6097,15.2070,20.6870,53.8030,19.3024
08:41:31,-96.3430,30.6098,15.2210,20.6870,53.8030,19.3024
08:41:32,-96.3431,30.6099,15.1890,20.6870,53.8030,19.3024
08:41:33,-96.3432,30.6100,15.2230,20.6870,53.8030,19.3024
08:41:34,-96.3433,30.6101,15.3350,20.6870,53.8030,19.3024
08:41:36,-96.3435,30.6103,15.5040,20.7500,53.8030,19.3024
08:41:37,-96.3436,30.6105,15.6210,20.7500,53.8030,19.3024
08:41:38,-96.3437,30.6106,15.6240,20.7500,53.8030,19.3024
08:41:39,-96.3438,30.6107,15.5690,20.7500,53.8030,19.3024
08:41:40,-96.3439,30.6108,15.4760,20.8120,53.8030,19.3024
08:41:41,-96.3440,30.6109,15.4220,20.8120,53.8030,19.3024
08:41:42,-96.3441,30.6110,15.4200,20.8750,53.8030,19.3024
08:41:43,-96.3442,30.6111,15.3850,20.9370,53.8030,19.3024
08:41:44,-96.3443,30.6112,15.3710,20.9370,53.8030,19.3024
08:41:45,-96.3444,30.6113,15.3990,21.0000,53.3128,19.3024
08:41:46,-96.3445,30.6115,15.4410,21.0620,53.3128,19.3024
08:41:47,-96.3446,30.6116,15.4650,21.1250,53.3128,19.3024
08:41:48,-96.3447,30.6117,15.5500,21.1870,53.3128,19.3024
08:41:49,-96.3448,30.6118,15.6630,21.1870,53.3128,19.3024
08:41:50,-96.3449,30.6119,15.7460,21.2500,53.3128,19.3024
08:41:51,-96.3450,30.6120,15.7610,21.3120,53.3128,19.3024
08:41:52,-96.3451,30.6121,15.7390,21.3750,53.3128,19.3024
08:41:53,-96.3452,30.6122,15.4770,21.3750,53.3128,19.3024
08:41:54,-96.3453,30.6123,15.0990,21.4370,53.3128,19.3024
08:41:55,-96.3454,30.6124,14.9070,21.5000,53.3128,19.3024
08:41:56,-96.3455,30.6125,14.3760,21.5000,53.3128,19.3024
08:41:57,-96.3455,30.6125,14.3760,21.6250,53.3128,19.3024
08:41:58,-96.3456,30.6126,14.2990,21.6870,52.8226,19.3024
08:42:00,-96.3458,30.6128,15.0160,21.7500,52.8226,19.3024
08:42:01,-96.3459,30.6129,15.5030,21.8120,52.8226,19.3024
08:42:02,-96.3460,30.6130,15.8160,21.8120,52.8226,19.3024
08:42:03,-96.3461,30.6132,15.9930,21.8750,52.8226,19.3024
08:42:04,-96.3463,30.6133,16.1640,21.9370,52.8226,19.3024
08:42:05,-96.3464,30.6134,16.3250,21.9370,52.3324,19.3024
08:42:06,-96.3465,30.6135,16.4540,22.0000,52.3324,19.3024
08:42:07,-96.3466,30.6136,16.5680,22.0000,52.3324,19.3024
08:42:08,-96.3467,30.6137,16.7050,22.0620,52.3324,19.3024
08:42:09,-96.3468,30.6139,16.8270,22.0620,52.3324,19.3024
08:42:10,-96.3469,30.6140,16.9700,22.1250,52.3324,19.3024
08:42:11,-96.3470,30.6141,16.9630,22.1250,52.3324,19.3024
08:42:12,-96.3471,30.6142,16.5760,22.1250,52.3324,19.3024
08:42:13,-96.3472,30.6143,16.1410,22.1870,52.3324,19.3024
08:42:14,-96.3473,30.6144,15.7260,22.1870,51.8423,19.3024
08:42:15,-96.3474,30.6146,15.3130,22.1870,51.8423,19.3024
08:42:16,-96.3475,30.6147,14.8140,22.2500,51.8423,19.3024
08:42:17,-96.3476,30.6148,14.3750,22.2500,51.8423,19.3024
08:42:18,-96.3476,30.6149,13.8950,22.2500,51.8423,19.3024
08:42:19,-96.3477,30.6151,12.9850,22.1870,51.8423,19.3024
08:42:20,-96.3477,30.6152,12.5150,22.2500,51.8423,19.3024
08:42:21,-96.3477,30.6153,12.0890,22.2500,51.8423,19.3024
08:42:22,-96.3477,30.6155,11.5020,22.2500,51.8423,19.3024
08:42:23,-96.3478,30.6156,10.9480,22.2500,51.8423,19.3024
08:42:24,-96.3478,30.6156,10.4880,22.2500,51.8423,19.3024
08:42:26,-96.3479,30.6158,9.4890,22.1870,51.8423,19.3024
08:42:27,-96.3479,30.6159,8.6600,22.1870,51.8423,19.3024
08:42:28,-96.3480,30.6159,7.8810,22.1870,51.8423,19.3024
08:42:29,-96.3480,30.6160,7.4360,22.1870,51.8423,19.3024
08:42:30,-96.3479,30.6161,7.1620,22.2500,51.8423,19.3024
08:42:31,-96.3479,30.6161,7.1840,22.3750,51.8423,19.3024
08:42:32,-96.3478,30.6162,7.2280,22.4370,51.8423,19.3024
08:42:33,-96.3478,30.6162,7.0490,22.5000,51.8423,19.3024
08:42:34,-96.3477,30.6162,6.7180,22.6250,51.3521,19.3024
08:42:35,-96.3477,30.6163,6.3230,22.6870,51.3521,19.3024
08:42:36,-96.3476,30.6163,5.9380,22.8120,51.3521,19.3024
08:42:37,-96.3476,30.6164,5.5330,22.9370,51.3521,19.3024
08:42:38,-96.3475,30.6164,5.1260,23.0000,50.8619,19.3024
08:42:39,-96.3475,30.6164,4.5040,23.1250,50.8619,19.3024
08:42:40,-96.3475,30.6164,3.6180,23.1870,50.8619,19.3024
08:42:41,-96.3474,30.6165,2.5090,23.3120,50.8619,19.3024
08:42:42,-96.3474,30.6165,1.7780,23.4370,50.3717,19.3024
08:42:43,-96.3474,30.6165,1.3050,23.5620,50.3717,19.3024
08:42:44,-96.3474,30.6165,0.8570,23.6250,50.3717,19.3024
08:42:45,-96.3474,30.6165,0.2780,23.7500,50.3717,19.3024
08:42:46,-96.3474,30.6165,0.0130,23.8120,50.3717,19.3024
08:42:47,-96.3474,30.6165,0.0200,23.8750,50.3717,19.3024
08:42:48,-96.3474,30.6165,0.0110,24.0000,50.3717,19.3024
08:42:49,-96.3474,30.6165,0.0160,24.1250,50.3717,19.3024
08:42:50,-96.3474,30.6165,0.0120,24.2500,50.3717,19.3024
08:42:52,-96.3474,30.6165,0.0010,24.3120,50.3717,19.3024
08:42:53,-96.3474,30.6165,0.0170,24.3750,50.3717,19.3024
08:42:54,-96.3474,30.6165,0.0270,24.5000,50.3717,19.3024
08:42:55,-96.3474,30.6165,0.0100,24.5000,49.8815,19.3024
08:42:56,-96.3474,30.6165,0.0020,24.6250,49.8815,19.3024
08:42:57,-96.3474,30.6165,0.0070,24.7500,49.8815,19.3024
08:42:58,-96.3474,30.6165,0.0190,24.7500,49.8815,19.3024
08:42:59,-96.3474,30.6165,0.0180,24.8750,49.8815,19.3024
08:43:00,-96.3474,30.6165,0.0110,24.8750,49.8815,19.3024
08:43:01,-96.3474,30.6165,0.0170,25.0000,49.8815,19.3024
08:43:02,-96.3474,30.6165,0.0050,25.0620,49.3913,19.3024
08:43:03,-96.3474,30.6165,0.0230,25.1250,49.3913,19.3024
08:43:04,-96.3474,30.6165,0.0150,25.2500,49.3913,19.3024
08:43:05,-96.3474,30.6165,0.0330,25.3120,49.3913,19.3024
08:43:06,-96.3474,30.6165,0.0080,25.3750,49.3913,19.3024
08:43:07,-96.3474,30.6165,0.0120,25.5000,49.3913,19.3024
08:43:08,-96.3474,30.6165,0.0090,25.5000,48.9011,19.3024
08:43:09,-96.3474,30.6165,0.0030,25.5620,48.9011,19.3024
08:43:10,-96.3474,30.6165,0.0140,25.6870,48.9011,19.3024
08:43:11,-96.3474,30.6165,0.0040,25.7500,48.9011,19.3024
08:43:12,-96.3474,30.6165,0.0110,25.8120,48.9011,19.3024
08:43:14,-96.3474,30.6165,0.0100,25.8750,48.9011,19.3024
08:43:15,-96.3474,30.6165,0.0230,25.9370,49.3913,19.3024
08:43:16,-96.3474,30.6165,0.0110,26.0000,49.3913,19.3024
08:43:17,-96.3474,30.6165,0.0130,26.0620,49.3913,19.3024
08:43:18,-96.3474,30.6165,0.0150,26.1250,49.3913,19.3024
08:43:19,-96.3474,30.6165,0.0090,26.2500,49.3913,19.3024
08:43:20,-96.3474,30.6165,0.0080,26.2500,49.3913,19.3024
08:43:21,-96.3474,30.6165,0.0260,26.3750,49.3913,19.3024
08:43:22,-96.3474,30.6165,0.0490,26.3750,48.9011,19.3024
08:43:23,-96.3474,30.6165,0.5970,26.5000,48.9011,19.3024
08:43:24,-96.3474,30.6165,1.7120,26.5620,48.9011,19.3024
08:43:25,-96.3474,30.6165,3.2700,26.6250,48.9011,19.3024
08:43:26,-96.3473,30.6166,4.7650,26.6870,48.9011,19.3024
08:43:27,-96.3473,30.6166,5.6470,26.7500,48.9011,19.3024
08:43:28,-96.3473,30.6166,6.2490,26.8120,48.9011,19.3024
08:43:29,-96.3472,30.6167,6.3670,26.8750,48.9011,19.3024
08:43:30,-96.3472,30.6167,6.2630,26.9370,48.9011,19.3024
08:43:31,-96.3471,30.6168,6.2990,27.0000,48.9011,19.3024
08:43:32,-96.3471,30.6168,6.5560,27.0620,48.9011,19.3024
08:43:33,-96.3470,30.6168,7.0370,27.0620,48.9011,19.3024
08:43:34,-96.3470,30.6169,7.7230,27.0620,48.9011,19.3024
08:43:35,-96.3469,30.6169,8.3170,27.1250,48.9011,19.3024
08:43:36,-96.3468,30.6170,8.9570,27.1870,48.9011,19.3024
08:43:37,-96.3468,30.6170,8.9570,27.1870,48.9011,19.3024
08:43:38,-96.3468,30.6171,9.5440,27.1870,48.9011,19.3024
08:43:40,-96.3466,30.6172,10.0810,27.1870,48.9011,19.3024
08:43:41,-96.3465,30.6173,10.7830,27.2500,48.4109,19.3024
08:43:42,-96.3465,30.6173,11.1170,27.1870,48.4109,19.3024
08:43:43,-96.3464,30.6174,11.2880,27.2500,48.4109,19.3024
08:43:44,-96.3463,30.6175,11.3860,27.2500,48.4109,19.3024
08:43:45,-96.3462,30.6176,11.4700,27.2500,48.4109,19.3024
08:43:46,-96.3461,30.6176,11.5120,27.2500,47.9207,19.3024
08:43:47,-96.3461,30.6177,11.5650,27.2500,47.9207,19.3024
08:43:48,-96.3460,30.6178,11.5920,27.2500,47.9207,19.3024
08:43:49,-96.3459,30.6179,11.6330,27.3120,47.9207,19.3024
08:43:50,-96.3458,30.6179,11.6400,27.3750,47.9207,19.3024
08:43:51,-96.3457,30.6180,11.8000,27.5000,47.9207,19.3024
08:43:52,-96.3456,30.6181,12.0850,27.5620,47.4306,19.3024
08:43:53,-96.3456,30.6182,12.3880,27.6250,47.4306,19.3024
08:43:54,-96.3455,30.6183,12.6760,27.7500,47.4306,19.3024
08:43:55,-96.3454,30.6183,12.9150,27.8750,47.4306,19.3024
08:43:56,-96.3453,30.6184,13.1210,28.0000,47.9207,19.3024
08:43:57,-96.3452,30.6185,13.2970,28.1250,47.9207,19.3024
08:43:58,-96.3451,30.6186,13.4510,28.2500,47.9207,19.3024
08:44:00,-96.3448,30.6189,13.3120,28.3120,47.9207,19.3024
08:44:01,-96.3447,30.6189,12.9850,28.3750,47.9207,19.3024
08:44:02,-96.3446,30.6190,12.2290,28.3750,47.9207,19.3024
08:44:03,-96.3445,30.6191,11.6430,28.3750,47.9207,19.3024
08:44:04,-96.3444,30.6192,10.9070,28.3750,47.9207,19.3024
08:44:05,-96.3443,30.6192,10.0760,28.3750,47.9207,19.3024
08:44:06,-96.3443,30.6193,10.2960,28.3750,47.9207,19.3024
08:44:07,-96.3442,30.6194,10.8600,28.3750,47.9207,19.3024
08:44:08,-96.3441,30.6194,11.7030,28.4370,47.4306,19.3024
08:44:09,-96.3440,30.6195,12.5020,28.4370,47.4306,19.3024
08:44:10,-96.3439,30.6196,13.2850,28.5000,47.4306,19.3024
08:44:11,-96.3438,30.6197,13.8920,28.4370,47.4306,19.3024
08:44:12,-96.3437,30.6198,14.4370,28.5000,47.4306,19.3024
08:44:13,-96.3436,30.6199,14.9070,28.4370,47.4306,19.3024
08:44:14,-96.3435,30.6200,15.2440,28.4370,47.4306,19.3024
08:44:15,-96.3434,30.6201,15.5530,28.3750,47.4306,19.3024
08:44:16,-96.3433,30.6202,15.7660,28.3750,47.4306,19.3024
08:44:17,-96.3431,30.6203,15.8280,28.1870,47.4306,19.3024
08:44:18,-96.3430,30.6204,15.9500,28.0620,47.4306,19.3024
08:44:19,-96.3429,30.6205,16.2420,27.9370,47.4306,19.3024
08:44:20,-96.3428,30.6206,16.4220,27.8120,47.4306,19.3024
08:44:21,-96.3427,30.6207,16.5470,27.7500,47.9207,19.3024
08:44:22,-96.3425,30.6208,16.6600,27.6250,47.9207,19.3024
08:44:24,-96.3423,30.6210,16.9410,27.5000,47.9207,19.3024
08:44:25,-96.3422,30.6211,17.0170,27.4370,47.9207,19.3024
08:44:26,-96.3420,30.6212,17.2050,27.4370,47.9207,19.3024
08:44:27,-96.3419,30.6213,17.2480,27.3120,47.4306,19.3024
08:44:28,-96.3418,30.6215,17.3370,27.2500,47.4306,19.3024
08:44:29,-96.3417,30.6216,17.3550,27.2500,47.4306,19.3024
08:44:30,-96.3415,30.6217,17.3540,27.1870,47.4306,19.3024
08:44:31,-96.3414,30.6218,17.0820,27.1870,47.4306,19.3024
08:44:32,-96.3413,30.6219,16.0780,27.1250,47.4306,19.3024
08:44:33,-96.3412,30.6220,14.4350,27.1250,47.4306,19.3024
08:44:34,-96.3411,30.6221,12.5670,27.1250,46.9404,19.3024
08:44:35,-96.3410,30.6221,10.9260,27.1250,46.9404,19.3024
08:44:36,-96.3409,30.6222,9.4310,27.1250,46.9404,19.3024
08:44:37,-96.3409,30.6223,7.6490,27.2500,46.9404,19.3024
08:44:38,-96.3408,30.6223,6.0580,27.4370,46.9404,19.3024
08:44:39,-96.3408,30.6223,4.7830,27.5620,46.9404,19.3024
08:44:40,-96.3407,30.6224,3.5970,27.6870,47.4306,19.3024
08:44:41,-96.3407,30.6224,1.9820,27.6870,47.4306,19.3024
08:44:42,-96.3407,30.6224,0.8220,28.0620,47.4306,19.3024
08:44:43,-96.3407,30.6224,0.0120,28.0620,47.4306,19.3024
08:44:45,-96.3407,30.6224,0.0160,28.4370,47.4306,19.3024
08:44:46,-96.3407,30.6224,0.0160,28.6870,47.4306,19.3024
08:44:47,-96.3407,30.6224,0.0140,28.6870,47.4306,19.3024
08:44:48,-96.3407,30.6224,0.0250,29.0000,47.4306,19.3024
08:44:49,-96.3407,30.6224,0.0320,29.1870,47.4306,19.3024
08:44:50,-96.3407,30.6224,0.0210,29.3750,47.4306,19.3024
08:44:51,-96.3407,30.6224,0.0130,29.5620,47.4306,19.3024
08:44:52,-96.3407,30.6224,0.0050,29.5620,47.4306,19.3024
08:44:53,-96.3407,30.6224,0.0190,29.8750,47.4306,19.3024
08:44:54,-96.3407,30.6224,0.0100,30.1250,47.4306,19.3024
08:44:55,-96.3407,30.6224,0.0060,30.1250,47.4306,19.3024
08:44:56,-96.3407,30.6224,0.0110,30.4370,47.4306,19.3024
08:44:57,-96.3407,30.6224,0.0280,30.6250,47.4306,19.3024
08:44:58,-96.3407,30.6224,0.0160,30.7500,47.4306,19.3024
08:44:59,-96.3407,30.6224,0.0170,30.9370,47.4306,19.3024
08:45:00,-96.3407,30.6224,0.0140,31.0620,47.4306,19.3024
08:45:01,-96.3407,30.6224,0.0050,31.1870,47.4306,19.3024
08:45:02,-96.3407,30.6224,0.0080,31.3750,47.4306,19.3024
08:45:03,-96.3407,30.6224,0.0060,31.3750,47.4306,19.3024
08:45:04,-96.3407,30.6224,0.0070,31.5620,47.4306,19.3024
08:45:05,-96.3407,30.6224,0.0110,31.6870,47.4306,19.3024
08:45:06,-96.3407,30.6224,0.0060,31.8120,47.4306,19.3024
08:45:08,-96.3407,30.6224,0.0130,31.8750,47.4306,19.3024
08:45:09,-96.3407,30.6224,0.0120,32.0000,47.4306,19.3024
08:45:10,-96.3407,30.6224,0.0120,32.1250,47.4306,19.3024
08:45:11,-96.3407,30.6224,0.0100,32.2500,47.4306,19.3024
08:45:12,-96.3407,30.6224,0.0160,32.2500,47.4306,19.3024
08:45:13,-96.3407,30.6224,0.0020,32.3120,47.4306,19.3024
08:45:14,-96.3407,30.6224,0.0130,32.4370,47.4306,19.3024
08:45:15,-96.3407,30.6224,0.0130,32.4370,47.4306,19.3024
08:45:16,-96.3407,30.6224,0.0070,32.4370,47.4306,19.3024
08:45:17,-96.3407,30.6224,0.0110,32.5000,47.4306,19.3024
08:45:18,-96.3407,30.6224,0.0120,32.6250,47.4306,19.3024
08:45:19,-96.3407,30.6224,0.0300,32.6250,47.4306,19.3024
08:45:20,-96.3407,30.6224,0.0060,32.6250,47.4306,19.3024
08:45:21,-96.3407,30.6224,0.0150,32.6870,47.4306,19.3024
08:45:22,-96.3407,30.6224,0.0110,32.7500,47.4306,19.3024
08:45:23,-96.3407,30.6224,0.0120,32.7500,47.4306,19.3024
08:45:24,-96.3407,30.6224,0.0100,32.8120,47.4306,19.3024
08:45:25,-96.3407,30.6224,0.0090,32.8120,47.4306,19.3024
08:45:26,-96.3407,30.6224,0.0210,32.8750,47.4306,19.3024
08:45:28,-96.3407,30.6224,0.0020,32.8750,47.4306,19.3024
08:45:29,-96.3407,30.6224,0.0100,32.8750,47.4306,19.3024
08:45:30,-96.3407,30.6224,0.0140,32.8750,47.4306,19.3024
08:45:31,-96.3407,30.6224,0.0140,32.9370,47.4306,19.3024
08:45:32,-96.3407,30.6224,0.0160,32.8750,47.4306,19.3024
08:45:33,-96.3407,30.6224,0.0120,32.9370,47.4306,19.3024
08:45:34,-96.3407,30.6224,0.0170,33.0000,47.4306,19.3024
08:45:35,-96.3407,30.6224,0.0200,33.0000,47.4306,19.3024
08:45:36,-96.3407,30.6224,0.0120,33.0000,47.4306,19.3024
08:45:37,-96.3407,30.6224,0.0040,33.0000,47.4306,19.3024
08:45:38,-96.3407,30.6224,0.0110,33.0000,47.4306,19.3024
08:45:39,-96.3407,30.6224,0.0160,33.0000,47.4306,19.3024
08:45:40,-96.3407,30.6224,0.0070,33.0620,47.4306,19.3024
08:45:41,-96.3407,30.6224,0.0130,33.0620,47.4306,19.3024
08:45:42,-96.3407,30.6224,0.0120,33.0620,47.4306,19.3024
08:45:43,-96.3407,30.6224,0.0110,33.1250,47.4306,19.3024
08:45:44,-96.3407,30.6224,0.0020,33.1250,47.4306,19.3024
08:45:45,-96.3407,30.6224,0.0030,33.1250,46.9404,19.3024
08:45:46,-96.3407,30.6224,0.0050,33.1250,47.4306,19.3024
08:45:47,-96.3407,30.6224,0.0230,33.1870,47.4306,19.3024
08:45:48,-96.3407,30.6224,0.0090,33.1870,47.4306,19.3024
08:45:49,-96.3407,30.6224,0.0070,33.1870,47.4306,19.3024
08:45:50,-96.3407,30.6224,0.0080,33.1870,47.4306,19.3024
08:45:52,-96.3407,30.6224,0.0110,33.2500,47.4306,19.3024
08:45:53,-96.3407,30.6224,0.0220,33.2500,47.4306,19.3024
08:45:54,-96.3407,30.6224,0.0070,33.2500,47.9207,19.3024
08:45:55,-96.3407,30.6224,0.0120,33.2500,47.9207,19.3024
08:45:56,-96.3407,30.6224,0.0100,33.2500,47.9207,19.3024
08:45:57,-96.3407,30.6224,0.0100,33.2500,47.9207,19.3024
08:45:58,-96.3407,30.6224,0.0060,33.3120,47.9207,19.3024
08:45:59,-96.3407,30.6224,0.0190,33.2500,47.9207,19.3024
08:46:00,-96.3407,30.6224,0.0170,33.3120,47.9207,19.3024
08:46:01,-96.3407,30.6224,0.0070,33.3120,47.9207,19.3024
08:46:02,-96.3407,30.6224,0.0150,33.2500,47.9207,19.3024
08:46:03,-96.3407,30.6224,0.0100,33.3120,47.9207,19.3024
08:46:04,-96.3407,30.6224,0.0030,33.3120,47.4306,19.3024
08:46:05,-96.3407,30.6224,0.0100,33.3120,47.4306,19.3024
08:46:06,-96.3407,30.6224,0.0070,33.3120,47.4306,19.3024
08:46:07,-96.3407,30.6224,0.0070,33.3120,47.4306,19.3024
08:46:08,-96.3407,30.6224,0.0170,33.3120,47.4306,19.3024
08:46:09,-96.3407,30.6224,0.0140,33.3120,47.4306,19.3024
08:46:10,-96.3407,30.6224,0.0050,33.3750,47.4306,19.3024
08:46:11,-96.3407,30.6224,0.0180,33.3750,47.4306,19.3024
08:46:12,-96.3407,30.6224,0.0070,33.3750,47.4306,19.3024
08:46:14,-96.3407,30.6224,0.0080,33.3750,47.4306,19.3024
08:46:15,-96.3407,30.6224,0.0130,33.3750,47.4306,19.3024
08:46:16,-96.3407,30.6224,0.0170,33.3750,47.4306,19.3024
08:46:17,-96.3407,30.6224,0.0020,33.3750,47.4306,19.3024
08:46:18,-96.3407,30.6224,0.0140,33.4370,47.4306,19.3024
08:46:19,-96.3407,30.6224,0.0140,33.4370,47.9207,19.3024
08:46:20,-96.3407,30.6224,0.0050,33.4370,47.9207,19.3024
08:46:21,-96.3407,30.6224,0.0110,33.4370,47.9207,19.9915
08:46:22,-96.3407,30.6224,0.0090,33.4370,47.9207,19.9915
08:46:23,-96.3407,30.6224,0.0160,33.4370,47.9207,19.3024
08:46:24,-96.3407,30.6224,0.0110,33.4370,47.9207,19.9915
08:46:25,-96.3407,30.6224,0.0020,33.4370,47.9207,19.3024
08:46:26,-96.3407,30.6224,0.0190,33.5000,47.9207,19.9915
08:46:27,-96.3407,30.6224,0.1690,33.5000,47.9207,19.9915
08:46:28,-96.3407,30.6224,1.3270,33.5000,47.9207,19.9915
08:46:29,-96.3407,30.6224,3.1770,33.5000,47.9207,19.3024
08:46:30,-96.3406,30.6225,4.7820,33.5000,47.9207,19.3024
08:46:31,-96.3406,30.6225,5.8680,33.5000,47.4306,19.9915
08:46:32,-96.3406,30.6225,7.1690,33.5000,47.4306,19.3024
08:46:33,-96.3405,30.6226,8.4480,33.5000,47.4306,19.3024
08:46:34,-96.3404,30.6227,9.5490,33.4370,47.4306,19.9915
08:46:35,-96.3404,30.6227,10.5850,33.4370,46.9404,19.9915
08:46:36,-96.3403,30.6228,11.4930,33.3750,46.9404,19.9915
08:46:38,-96.3401,30.6230,13.1570,33.3120,46.9404,19.3024
08:46:39,-96.3400,30.6230,13.8800,33.1250,46.9404,19.9915
08:46:40,-96.3399,30.6231,14.5880,33.0620,46.4502,19.9915
08:46:41,-96.3398,30.6232,15.1570,32.9370,46.4502,19.3024
08:46:42,-96.3397,30.6233,15.7670,32.8120,46.4502,19.3024
08:46:43,-96.3395,30.6234,16.3380,32.6250,46.4502,19.9915
08:46:44,-96.3394,30.6235,16.7870,32.4370,46.4502,19.9915
08:46:45,-96.3393,30.6237,17.1900,32.3120,46.4502,19.9915
08:46:46,-96.3392,30.6238,17.5780,32.1870,46.4502,19.9915
08:46:47,-96.3391,30.6239,17.8920,32.0620,46.4502,19.9915
08:46:48,-96.3389,30.6240,17.7050,31.9370,46.4502,19.3024
08:46:49,-96.3388,30.6241,17.5370,31.7500,46.4502,19.9915
08:46:50,-96.3387,30.6242,17.2700,31.5620,46.4502,19.9915
08:46:51,-96.3386,30.6243,16.8230,31.4370,46.4502,19.9915
08:46:52,-96.3384,30.6245,16.3920,31.3120,46.4502,19.9915
08:46:53,-96.3383,30.6246,15.5760,31.2500,46.4502,19.9915
08:46:54,-96.3382,30.6247,14.5670,31.2500,46.4502,19.9915
08:46:55,-96.3382,30.6247,14.5670,31.1250,45.9600,19.9915
08:46:56,-96.3381,30.6247,13.4140,31.1250,45.9600,19.9915
08:46:57,-96.3380,30.6248,12.2250,31.0620,45.9600,19.3024
08:46:58,-96.3380,30.6249,11.0880,31.0620,45.9600,19.3024
08:46:59,-96.3379,30.6250,9.9620,31.0620,45.9600,19.9915
08:47:00,-96.3378,30.6250,9.3150,31.0620,45.9600,19.3024
08:47:02,-96.3377,30.6252,9.2410,31.0620,45.4698,19.9915
08:47:03,-96.3376,30.6252,9.2400,31.1250,45.4698,19.9915
08:47:04,-96.3375,30.6253,9.5740,31.1870,45.4698,19.3024
08:47:05,-96.3375,30.6253,9.9850,31.1870,45.4698,19.9915
08:47:06,-96.3374,30.6254,10.5100,31.3120,45.4698,19.9915
08:47:07,-96.3373,30.6255,11.0850,31.4370,45.4698,19.9915
08:47:08,-96.3372,30.6256,11.7470,31.5000,45.4698,19.9915
08:47:09,-96.3371,30.6256,12.4450,31.5620,45.9600,19.9915
08:47:10,-96.3371,30.6257,13.1520,31.5620,45.9600,19.9915
08:47:11,-96.3370,30.6258,13.6800,31.5620,45.9600,19.9915
08:47:12,-96.3369,30.6259,14.2220,31.5620,45.4698,19.3024
08:47:13,-96.3367,30.6260,14.7860,31.5000,45.4698,19.9915
08:47:14,-96.3366,30.6261,15.2410,31.5000,45.4698,19.9915
08:47:15,-96.3365,30.6262,15.6280,31.4370,45.4698,19.9915
08:47:16,-96.3364,30.6263,15.9780,31.3120,45.4698,19.9915
08:47:17,-96.3363,30.6264,16.2920,31.2500,45.4698,19.3024
08:47:18,-96.3362,30.6265,16.4970,31.0620,45.4698,19.3024
08:47:19,-96.3359,30.6267,16.4090,31.0000,45.4698,19.3024
08:47:20,-96.3358,30.6268,16.2110,30.9370,45.4698,19.9915
08:47:21,-96.3357,30.6269,16.0120,30.8120,45.4698,19.9915
08:47:22,-96.3356,30.6270,15.5960,30.7500,44.9796,19.3024
08:47:23,-96.3355,30.6271,15.0060,30.6870,44.9796,19.9915
08:47:24,-96.3354,30.6272,13.8670,30.7500,44.9796,19.9915
08:47:26,-96.3352,30.6274,10.8810,30.6870,44.9796,19.9915
08:47:27,-96.3351,30.6274,9.3260,30.8120,45.4698,19.3024
08:47:28,-96.3351,30.6275,8.0320,30.9370,45.4698,19.9915
08:47:29,-96.3350,30.6275,7.0630,31.1250,45.4698,19.9915
08:47:30,-96.3349,30.6276,6.2150,31.3120,45.4698,19.3024
08:47:31,-96.3349,30.6276,5.9720,31.6250,45.4698,19.3024
08:47:32,-96.3348,30.6276,6.3440,31.9370,45.4698,19.9915
08:47:33,-96.3348,30.6276,6.6650,32.3750,45.4698,19.9915
08:47:34,-96.3347,30.6275,7.1940,32.3750,45.9600,19.9915
08:47:35,-96.3346,30.6275,7.9450,33.0620,45.9600,19.3024
08:47:36,-96.3346,30.6274,8.9090,33.3750,45.9600,19.9915
08:47:37,-96.3345,30.6274,9.9840,33.6870,45.4698,19.3024
08:47:38,-96.3344,30.6273,11.0480,33.8750,45.4698,19.9915
08:47:39,-96.3343,30.6272,12.0780,34.0000,45.4698,19.3024
08:47:40,-96.3342,30.6271,12.9060,34.1250,45.4698,19.9915
08:47:41,-96.3341,30.6271,13.6600,34.1250,45.4698,19.3024
08:47:42,-96.3340,30.6270,14.4050,34.0620,45.4698,19.9915
08:47:43,-96.3339,30.6269,15.1760,33.9370,45.4698,19.9915
08:47:44,-96.3338,30.6268,15.9030,33.8750,45.4698,19.9915
08:47:45,-96.3337,30.6267,16.5980,33.7500,45.4698,19.9915
08:47:46,-96.3335,30.6266,17.2290,33.5620,45.4698,19.9915
08:47:47,-96.3334,30.6264,17.7550,33.4370,45.4698,19.9915
08:47:48,-96.3333,30.6263,18.1510,33.2500,45.4698,19.9915
08:47:50,-96.3330,30.6261,18.8280,33.0620,45.4698,19.9915
08:47:51,-96.3329,30.6260,19.0850,32.9370,45.4698,19.9915
08:47:52,-96.3327,30.6259,19.2820,32.6870,45.4698,19.9915
08:47:53,-96.3326,30.6257,19.4660,32.5000,45.4698,19.9915
08:47:54,-96.3324,30.6256,19.6710,32.3120,45.4698,19.9915
08:47:55,-96.3323,30.6255,19.8330,32.0620,45.4698,19.9915
08:47:56,-96.3321,30.6254,20.0000,31.8750,45.4698,19.9915
08:47:57,-96.3320,30.6252,20.1080,31.6870,45.4698,19.9915
08:47:58,-96.3318,30.6251,20.2100,31.5000,45.4698,19.9915
08:47:59,-96.3317,30.6250,20.0840,31.3120,45.4698,19.9915
08:48:00,-96.3315,30.6249,19.7740,31.1250,45.4698,19.9915
08:48:01,-96.3314,30.6248,19.4300,31.0000,45.4698,19.9915
08:48:02,-96.3312,30.6246,18.9470,30.7500,45.4698,19.9915
08:48:03,-96.3311,30.6245,18.4920,30.5620,45.4698,19.9915
08:48:04,-96.3309,30.6244,17.9000,30.3750,45.4698,19.9915
08:48:05,-96.3308,30.6243,17.0400,30.1870,45.4698,19.9915
08:48:06,-96.3307,30.6242,16.0180,30.0620,45.4698,19.9915
08:48:07,-96.3306,30.6241,14.8780,29.8750,45.4698,19.9915
08:48:08,-96.3305,30.6240,13.7900,29.6870,45.4698,19.9915
08:48:09,-96.3304,30.6239,12.6510,29.5620,45.4698,19.9915
08:48:10,-96.3303,30.6238,11.6860,29.3750,45.4698,19.9915
08:48:11,-96.3302,30.6238,10.8700,29.3120,45.9600,19.9915
08:48:12,-96.3301,30.6237,9.5510,29.1250,45.9600,19.9915
08:48:14,-96.3300,30.6236,7.3080,29.0000,45.9600,19.9915
08:48:15,-96.3300,30.6236,6.1490,28.9370,45.9600,19.9915
08:48:16,-96.3299,30.6235,5.0940,28.9370,45.9600,19.9915
08:48:17,-96.3299,30.6235,4.0490,28.9370,45.9600,19.9915
08:48:18,-96.3299,30.6235,2.7540,29.0620,45.9600,19.9915
08:48:19,-96.3298,30.6235,1.5200,29.1250,45.9600,19.9915
08:48:20,-96.3298,30.6235,0.6860,29.3120,45.9600,19.9915
08:48:21,-96.3298,30.6235,0.2460,29.4370,45.9600,19.9915
08:48:22,-96.3298,30.6235,0.0120,29.5620,45.4698,19.9915
08:48:23,-96.3298,30.6235,0.0020,29.6870,45.4698,19.9915
08:48:24,-96.3298,30.6235,0.0100,29.8120,45.4698,19.9915
08:48:25,-96.3298,30.6235,0.0090,29.9370,45.4698,19.9915
08:48:26,-96.3298,30.6235,0.0100,30.0620,45.4698,19.9915
08:48:27,-96.3298,30.6235,0.0050,30.1870,45.4698,19.9915
08:48:28,-96.3298,30.6235,0.0180,30.3120,45.4698,19.9915
08:48:29,-96.3298,30.6235,0.0100,30.3750,45.4698,19.9915
08:48:30,-96.3298,30.6235,0.0090,30.5000,45.4698,19.9915
08:48:31,-96.3298,30.6235,0.0140,30.6250,45.4698,19.9915
08:48:32,-96.3298,30.6235,0.0160,30.7500,45.9600,19.9915
08:48:33,-96.3298,30.6235,0.0070,30.8120,45.9600,19.9915
08:48:34,-96.3298,30.6235,0.0070,30.8120,45.9600,19.9915
08:48:35,-96.3298,30.6235,0.0090,30.9370,45.9600,19.9915
08:48:36,-96.3298,30.6235,0.0130,31.0620,45.9600,19.9915
08:48:37,-96.3298,30.6235,0.0150,31.1250,45.9600,19.9915
08:48:38,-96.3298,30.6235,0.0090,31.1870,45.9600,19.9915
08:48:40,-96.3298,30.6235,0.0110,31.2500,46.4502,19.9915
08:48:41,-96.3298,30.6235,0.0170,31.3120,46.4502,19.9915
08:48:42,-96.3298,30.6235,0.0070,31.4370,45.9600,19.9915
08:48:43,-96.3298,30.6235,0.1470,31.5000,45.9600,19.9915
08:48:44,-96.3298,30.6234,1.2670,31.5620,45.9600,19.9915
08:48:45,-96.3298,30.6234,3.1610,31.6250,45.9600,19.9915
08:48:46,-96.3298,30.6234,4.8640,31.7500,45.9600,19.9915
08:48:47,-96.3297,30.6234,6.1610,31.8750,45.9600,19.9915
08:48:48,-96.3297,30.6233,7.6060,32.0000,45.9600,19.9915
08:48:49,-96.3296,30.6233,8.9540,32.0620,45.9600,19.9915
08:48:50,-96.3295,30.6232,10.0740,32.0620,45.9600,19.9915
08:48:51,-96.3294,30.6231,11.2630,32.1250,45.9600,19.9915
08:48:52,-96.3294,30.6231,12.2950,32.0620,45.9600,19.9915
08:48:53,-96.3292,30.6230,13.2790,32.0620,45.9600,19.9915
08:48:54,-96.3291,30.6229,14.1470,32.0000,45.9600,19.9915
08:48:55,-96.3290,30.6228,14.9700,31.9370,45.9600,19.9915
08:48:56,-96.3289,30.6227,15.7740,31.8120,45.9600,19.9915
08:48:57,-96.3288,30.6226,16.5140,31.6870,45.9600,19.9915
08:48:58,-96.3286,30.6225,17.2010,31.6250,45.9600,19.9915
08:48:59,-96.3284,30.6223,18.3810,31.5000,45.9600,19.9915
08:49:00,-96.3282,30.6222,18.8510,31.5000,45.9600,19.9915
08:49:02,-96.3279,30.6220,19.6550,31.2500,45.9600,19.9915
08:49:03,-96.3278,30.6218,19.9940,31.1870,45.9600,19.9915
08:49:04,-96.3276,30.6217,20.3550,31.0620,45.9600,19.9915
08:49:05,-96.3274,30.6216,20.6560,30.9370,45.9600,19.9915
08:49:06,-96.3273,30.6215,20.8930,30.8120,45.9600,19.9915
08:49:07,-96.3271,30.6213,21.0230,30.6870,45.9600,19.9915
08:49:08,-96.3270,30.6212,21.1640,30.5620,45.9600,19.9915
08:49:09,-96.3268,30.6211,21.2700,30.4370,45.4698,19.9915
08:49:10,-96.3266,30.6210,21.3350,30.2500,45.4698,19.9915
08:49:11,-96.3265,30.6208,21.3990,30.0620,45.9600,19.9915
08:49:12,-96.3263,30.6207,21.4490,29.9370,45.9600,19.9915
08:49:13,-96.3261,30.6206,21.5020,29.7500,45.9600,19.9915
08:49:14,-96.3260,30.6205,21.5380,29.5000,45.9600,19.9915
08:49:15,-96.3258,30.6203,21.5680,29.3750,45.9600,19.9915
08:49:16,-96.3256,30.6202,21.2060,29.1870,45.9600,19.9915
08:49:17,-96.3255,30.6201,20.7890,29.0000,45.9600,19.9915
08:49:18,-96.3253,30.6199,20.4060,28.8750,45.9600,19.9915
08:49:19,-96.3251,30.6198,20.0320,28.7500,45.9600,19.9915
08:49:20,-96.3250,30.6197,19.7150,28.5620,45.9600,19.9915
08:49:21,-96.3248,30.6196,19.3180,28.4370,45.9600,19.9915
08:49:22,-96.3247,30.6195,18.9520,28.3120,45.9600,19.9915
08:49:24,-96.3244,30.6193,16.5410,28.1870,45.9600,19.9915
08:49:25,-96.3243,30.6192,14.8340,28.1250,45.4698,19.9915
08:49:26,-96.3242,30.6191,13.0610,28.0620,45.4698,19.9915
08:49:27,-96.3241,30.6190,11.6070,27.8750,45.4698,19.9915
08:49:28,-96.3240,30.6190,10.3740,27.8120,45.4698,19.9915
08:49:29,-96.3239,30.6189,9.2300,27.8120,45.4698,19.9915
08:49:30,-96.3239,30.6188,8.1750,27.8120,45.4698,19.9915
08:49:31,-96.3238,30.6188,7.2550,27.6870,45.4698,19.9915
08:49:32,-96.3238,30.6188,6.2030,27.7500,45.4698,19.9915
08:49:33,-96.3237,30.6187,5.1040,27.7500,45.4698,19.9915
08:49:34,-96.3237,30.6187,4.1270,27.8750,45.9600,19.9915
08:49:35,-96.3237,30.6187,3.1030,28.0620,45.9600,19.9915
08:49:36,-96.3236,30.6187,1.8500,28.1870,45.9600,19.9915
08:49:37,-96.3236,30.6187,1.0350,28.4370,45.9600,19.9915
08:49:38,-96.3236,30.6187,0.5040,28.6250,45.9600,19.9915
08:49:39,-96.3236,30.6187,0.0600,28.8750,45.9600,19.9915
08:49:40,-96.3236,30.6187,0.0120,29.0620,45.9600,19.9915
08:49:41,-96.3236,30.6187,0.0070,29.3120,45.9600,19.9915
08:49:42,-96.3236,30.6187,0.0140,29.5000,45.9600,19.9915
08:49:43,-96.3236,30.6186,0.0120,29.7500,45.9600,19.9915
08:49:45,-96.3236,30.6186,0.0160,29.9370,45.9600,19.9915
08:49:46,-96.3236,30.6186,0.0090,30.1250,45.9600,19.9915
08:49:47,-96.3236,30.6186,0.0040,30.3120,45.9600,19.9915
08:49:48,-96.3236,30.6186,0.0080,30.5620,45.4698,19.9915
08:49:49,-96.3236,30.6186,0.0210,30.7500,45.4698,19.9915
08:49:50,-96.3236,30.6186,0.0120,30.8750,45.4698,19.9915
08:49:51,-96.3236,30.6186,0.0080,31.1250,45.4698,19.9915
08:49:52,-96.3236,30.6186,0.0200,31.1250,45.4698,19.9915
08:49:53,-96.3236,30.6186,0.0200,31.4370,45.4698,19.9915
08:49:54,-96.3236,30.6186,0.0090,31.6250,45.4698,19.9915
08:49:55,-96.3236,30.6186,0.0010,31.8120,45.4698,19.9915
08:49:56,-96.3236,30.6186,0.0220,32.0000,45.4698,19.9915
08:49:57,-96.3236,30.6186,0.0120,32.1250,45.4698,19.9915
08:49:58,-96.3236,30.6186,0.0050,32.3120,45.4698,19.9915
08:49:59,-96.3236,30.6186,0.0120,32.5000,45.4698,19.9915
08:50:00,-96.3236,30.6186,0.5930,32.6250,45.9600,19.9915
08:50:01,-96.3236,30.6186,2.1130,32.8120,45.9600,19.9915
08:50:02,-96.3236,30.6186,3.9780,32.9370,45.9600,19.9915
08:50:03,-96.3235,30.6186,5.5140,33.1250,45.9600,19.9915
08:50:04,-96.3235,30.6185,6.8670,33.2500,45.9600,19.9915
08:50:06,-96.3234,30.6184,9.5290,33.3750,45.4698,19.9915
08:50:07,-96.3233,30.6184,10.5480,33.5000,45.4698,19.9915
08:50:08,-96.3232,30.6183,11.6240,33.5000,45.4698,19.9915
08:50:09,-96.3231,30.6182,12.6160,33.5000,45.4698,19.9915
08:50:10,-96.3230,30.6182,13.4690,33.5000,45.4698,19.9915
08:50:11,-96.3229,30.6181,14.2690,33.4370,45.4698,19.9915
08:50:12,-96.3228,30.6180,15.0190,33.3120,45.4698,19.9915
08:50:13,-96.3228,30.6180,15.0190,33.2500,45.4698,19.9915
08:50:14,-96.3227,30.6179,15.6810,33.1250,45.4698,19.9915
08:50:15,-96.3225,30.6178,16.1540,33.0000,45.4698,19.9915
08:50:16,-96.3224,30.6177,16.5850,32.9370,45.4698,19.9915
08:50:17,-96.3223,30.6176,16.9920,32.7500,45.4698,19.9915
08:50:18,-96.3221,30.6175,17.4520,32.5620,45.4698,19.9915
08:50:19,-96.3220,30.6174,17.8950,32.3750,45.4698,19.9915
08:50:20,-96.3219,30.6173,18.1970,32.1870,45.4698,19.9915
08:50:21,-96.3217,30.6172,18.3340,31.9370,45.4698,19.9915
08:50:22,-96.3216,30.6171,18.4480,31.7500,45.4698,19.9915
08:50:23,-96.3214,30.6169,18.5020,31.5620,45.4698,19.9915
08:50:24,-96.3213,30.6168,18.5440,31.3750,45.4698,19.9915
08:50:25,-96.3211,30.6167,18.6140,31.1870,45.4698,19.9915
08:50:26,-96.3210,30.6166,18.7860,31.0620,45.4698,19.9915
08:50:27,-96.3208,30.6165,18.9420,30.9370,44.9796,19.9915
08:50:28,-96.3207,30.6164,19.0650,30.7500,44.9796,19.9915
08:50:30,-96.3204,30.6161,19.1670,30.6250,44.9796,19.9915
08:50:31,-96.3203,30.6160,19.2010,30.5000,44.9796,19.9915
08:50:32,-96.3201,30.6159,19.2050,30.3120,44.9796,19.9915
08:50:33,-96.3200,30.6158,19.2140,30.1870,44.9796,19.9915
08:50:34,-96.3198,30.6157,19.2970,30.0620,44.9796,19.9915
08:50:35,-96.3197,30.6156,19.3740,29.9370,44.9796,19.9915
08:50:36,-96.3195,30.6155,19.4330,29.8120,44.9796,19.9915
08:50:37,-96.3194,30.6153,19.4700,29.6250,44.9796,19.9915
08:50:38,-96.3190,30.6151,19.5090,29.5000,44.9796,19.9915
08:50:39,-96.3189,30.6150,19.5260,29.3120,44.9796,19.9915
08:50:40,-96.3187,30.6149,19.4770,29.1250,44.9796,19.9915
08:50:41,-96.3186,30.6147,19.4120,29.1250,44.9796,19.9915
08:50:42,-96.3184,30.6146,19.3620,28.7500,44.9796,19.9915
08:50:43,-96.3183,30.6145,19.3010,28.6870,44.9796,19.9915
08:50:44,-96.3181,30.6144,19.2080,28.5620,44.9796,19.9915
08:50:45,-96.3180,30.6143,18.9660,28.3750,44.9796,19.9915
08:50:46,-96.3179,30.6142,18.6080,28.1870,44.9796,19.9915
08:50:47,-96.3177,30.6141,18.3230,28.1250,44.9796,19.9915
08:50:48,-96.3176,30.6140,18.1060,28.0000,44.9796,19.9915
08:50:49,-96.3174,30.6138,17.9800,27.8120,44.9796,19.9915
08:50:50,-96.3173,30.6137,17.9150,27.7500,44.9796,19.9915
08:50:51,-96.3172,30.6136,17.8400,27.6250,44.9796,19.9915
08:50:52,-96.3170,30.6135,17.8010,27.5620,44.9796,19.9915
08:50:54,-96.3167,30.6133,17.6660,27.3750,44.9796,19.9915
08:50:55,-96.3166,30.6132,17.6920,27.2500,44.9796,19.9915
08:50:56,-96.3165,30.6131,17.7500,27.1870,44.9796,19.9915
08:50:57,-96.3163,30.6130,17.8910,27.0620,44.9796,19.9915
08:50:58,-96.3162,30.6129,18.0420,26.9370,44.9796,19.9915
08:50:59,-96.3161,30.6128,18.1930,26.9370,45.4698,19.9915
08:51:00,-96.3159,30.6127,18.4290,26.6870,45.4698,19.9915
08:51:01,-96.3158,30.6125,18.7950,26.6250,45.4698,19.9915
08:51:02,-96.3156,30.6124,19.1480,26.5620,44.9796,19.9915
08:51:03,-96.3155,30.6123,19.4470,26.5620,44.9796,19.9915
08:51:04,-96.3153,30.6122,19.7060,26.3750,44.9796,19.9915
08:51:05,-96.3152,30.6121,19.9020,26.3120,44.9796,19.9915
08:51:06,-96.3150,30.6119,20.0200,26.2500,44.9796,19.9915
08:51:07,-96.3149,30.6118,20.1290,26.1250,44.9796,19.9915
08:51:08,-96.3147,30.6117,20.1930,26.0000,44.9796,19.9915
08:51:09,-96.3145,30.6116,20.2290,25.8750,44.9796,19.9915
08:51:10,-96.3144,30.6115,20.2610,25.7500,44.9796,19.9915
08:51:11,-96.3142,30.6113,20.2490,25.6250,44.9796,20.6806
08:51:12,-96.3141,30.6112,20.2440,25.5000,44.9796,19.9915
08:51:14,-96.3138,30.6110,20.3030,25.3750,44.9796,20.6806
08:51:15,-96.3136,30.6108,20.3330,25.3120,44.9796,20.6806
08:51:16,-96.3135,30.6107,20.4060,25.2500,44.9796,20.6806
08:51:17,-96.3133,30.6106,20.3580,25.1250,44.9796,20.6806
08:51:18,-96.3131,30.6105,20.3470,25.0000,44.9796,20.6806
08:51:19,-96.3130,30.6103,20.2750,24.8750,44.9796,20.6806
08:51:20,-96.3128,30.6102,20.2230,24.7500,44.9796,20.6806
08:51:21,-96.3127,30.6101,20.1800,24.6250,44.9796,19.9915
08:51:22,-96.3125,30.6100,20.1340,24.5620,44.9796,20.6806
08:51:23,-96.3124,30.6098,20.1070,24.4370,44.9796,19.9915
08:51:24,-96.3122,30.6097,20.0910,24.3120,44.9796,20.6806
08:51:25,-96.3121,30.6096,20.1070,24.1870,44.9796,20.6806
08:51:26,-96.3119,30.6095,20.1520,24.1250,44.4894,20.6806
08:51:27,-96.3117,30.6094,20.2380,24.0620,44.4894,20.6806
08:51:28,-96.3116,30.6092,20.3110,24.0000,44.4894,19.9915
08:51:29,-96.3114,30.6091,20.3790,23.9370,44.4894,19.9915
08:51:30,-96.3113,30.6090,20.4040,23.8120,44.4894,20.6806
08:51:31,-96.3111,30.6089,20.4710,23.8120,44.4894,20.6806
08:51:32,-96.3110,30.6087,20.5310,23.7500,44.4894,19.9915
08:51:33,-96.3108,30.6086,20.5430,23.6250,44.4894,20.6806
08:51:34,-96.3106,30.6085,20.5690,23.6250,44.4894,20.6806
08:51:35,-96.3105,30.6084,20.5800,23.5000,44.4894,20.6806
08:51:36,-96.3103,30.6082,20.5910,23.4370,44.9796,20.6806
08:51:38,-96.3100,30.6080,20.6560,23.3750,44.9796,20.6806
08:51:39,-96.3099,30.6079,20.6830,23.3120,44.9796,19.9915
08:51:40,-96.3097,30.6077,20.6650,23.2500,44.9796,20.6806
08:51:41,-96.3095,30.6076,20.6060,23.2500,44.9796,20.6806
08:51:42,-96.3094,30.6075,20.5120,23.1870,44.9796,20.6806
08:51:43,-96.3092,30.6074,20.4550,23.1250,44.4894,20.6806
08:51:44,-96.3091,30.6072,20.4360,23.1250,44.4894,19.9915
08:51:45,-96.3089,30.6071,20.4640,23.1250,44.4894,19.9915
08:51:46,-96.3087,30.6070,20.4910,23.0620,44.4894,20.6806
08:51:47,-96.3086,30.6069,20.4710,23.0000,44.4894,20.6806
08:51:48,-96.3084,30.6067,20.4420,22.9370,44.4894,20.6806
08:51:49,-96.3083,30.6066,20.4160,22.9370,44.4894,20.6806
08:51:50,-96.3081,30.6065,20.3880,22.8750,44.4894,19.9915
08:51:51,-96.3080,30.6063,20.3420,22.8120,44.4894,20.6806
08:51:52,-96.3078,30.6062,20.2700,22.8120,44.4894,20.6806
08:51:53,-96.3077,30.6061,20.2200,22.7500,44.4894,20.6806
08:51:54,-96.3077,30.6061,20.2200,22.6870,44.4894,20.6806
08:51:55,-96.3075,30.6060,20.1800,22.6870,44.4894,20.6806
08:51:56,-96.3074,30.6058,20.1140,22.6250,44.4894,20.6806
08:51:57,-96.3072,30.6057,20.0630,22.6250,44.9796,20.6806
08:51:58,-96.3071,30.6056,20.0310,22.6250,44.9796,20.6806
08:52:00,-96.3067,30.6054,19.9860,22.5620,44.9796,20.6806
08:52:01,-96.3066,30.6052,19.9820,22.5000,44.9796,20.6806
08:52:02,-96.3064,30.6051,20.0400,22.5000,44.9796,20.6806
08:52:03,-96.3063,30.6050,20.1170,22.4370,44.4894,20.6806
08:52:04,-96.3061,30.6049,20.2000,22.3120,44.4894,20.6806
08:52:05,-96.3060,30.6047,20.2890,22.3120,44.4894,20.6806
08:52:06,-96.3058,30.6046,20.3580,22.2500,44.4894,20.6806
08:52:07,-96.3057,30.6045,20.4300,22.1870,44.4894,20.6806
08:52:08,-96.3055,30.6044,20.4990,22.1870,44.4894,20.6806
08:52:09,-96.3054,30.6042,20.6060,22.1250,44.4894,20.6806
08:52:10,-96.3052,30.6041,20.6250,22.0620,44.4894,20.6806
08:52:11,-96.3050,30.6040,20.6530,22.0000,44.4894,20.6806
08:52:12,-96.3049,30.6039,20.6110,21.9370,44.4894,20.6806
08:52:13,-96.3047,30.6037,20.5450,21.8750,44.4894,20.6806
08:52:14,-96.3046,30.6036,20.4960,21.8120,44.4894,20.6806
08:52:15,-96.3044,30.6035,20.2600,21.7500,44.4894,20.6806
08:52:16,-96.3043,30.6033,20.2850,21.6870,44.9796,20.6806
08:52:17,-96.3041,30.6032,20.2170,21.6250,44.9796,20.6806
08:52:18,-96.3038,30.6030,19.9540,21.6250,44.9796,20.6806
08:52:19,-96.3037,30.6028,19.7990,21.5000,44.4894,20.6806
08:52:20,-96.3035,30.6027,19.6790,21.5000,44.4894,20.6806
08:52:21,-96.3034,30.6026,19.5870,21.5000,44.4894,20.6806
08:52:22,-96.3032,30.6025,19.4890,21.4370,44.4894,20.6806
08:52:23,-96.3031,30.6024,19.3380,21.3750,44.4894,20.6806
08:52:24,-96.3029,30.6022,19.1190,21.3750,44.4894,20.6806
08:52:26,-96.3027,30.6020,18.2780,21.3750,44.4894,20.6806
08:52:27,-96.3025,30.6019,17.8080,21.3120,43.9992,20.6806
08:52:28,-96.3024,30.6018,17.3570,21.3120,43.9992,20.6806
08:52:29,-96.3023,30.6017,16.7410,21.3120,43.9992,20.6806
08:52:30,-96.3021,30.6016,15.8890,21.3120,43.9992,20.6806
08:52:31,-96.3020,30.6015,14.7790,21.3120,43.9992,20.6806
08:52:32,-96.3019,30.6014,13.7170,21.3120,44.4894,20.6806
08:52:33,-96.3018,30.6013,12.9200,21.2500,44.4894,20.6806
08:52:34,-96.3017,30.6012,12.3000,21.2500,44.4894,20.6806
08:52:35,-96.3017,30.6011,11.7280,21.3120,44.4894,20.6806
08:52:36,-96.3016,30.6011,11.2840,21.3120,44.4894,20.6806
08:52:37,-96.3016,30.6010,10.9410,21.3750,44.4894,20.6806
08:52:38,-96.3016,30.6009,10.9920,21.3750,44.4894,20.6806
08:52:39,-96.3016,30.6008,11.1590,21.4370,44.4894,20.6806
08:52:40,-96.3016,30.6007,11.3970,21.5000,44.4894,20.6806
08:52:41,-96.3016,30.6006,11.6000,21.6250,44.4894,20.6806
08:52:42,-96.3017,30.6005,11.8370,21.7500,44.4894,20.6806
08:52:43,-96.3018,30.6004,12.1870,21.8120,44.4894,20.6806
08:52:44,-96.3019,30.6003,12.7350,21.8750,44.4894,20.6806
08:52:45,-96.3020,30.6002,13.3590,22.0000,44.4894,20.6806
08:52:46,-96.3021,30.6001,13.9390,22.1250,44.4894,20.6806
08:52:48,-96.3023,30.5999,14.9310,22.2500,44.4894,20.6806
08:52:49,-96.3024,30.5998,15.3250,22.3120,44.4894,20.6806
08:52:50,-96.3025,30.5997,15.6380,22.3750,44.4894,20.6806
08:52:51,-96.3026,30.5996,15.9450,22.4370,44.4894,20.6806
08:52:52,-96.3027,30.5995,15.7430,22.5000,44.4894,20.6806
08:52:53,-96.3028,30.5994,15.0250,22.5000,44.4894,20.6806
08:52:54,-96.3029,30.5993,13.9250,22.5000,44.4894,20.6806
08:52:55,-96.3030,30.5992,12.6800,22.4370,44.4894,20.6806
08:52:56,-96.3031,30.5991,11.5600,22.4370,44.4894,20.6806
08:52:57,-96.3032,30.5991,10.5210,22.3120,44.4894,20.6806
08:52:58,-96.3032,30.5990,9.6980,22.3120,44.4894,20.6806
08:52:59,-96.3033,30.5989,9.0430,22.3120,44.4894,20.6806
08:53:00,-96.3034,30.5989,8.3970,22.2500,44.4894,20.6806
08:53:01,-96.3034,30.5988,7.7700,22.2500,43.9992,20.6806
08:53:02,-96.3035,30.5988,6.9020,22.2500,43.9992,20.6806
08:53:03,-96.3035,30.5987,5.9140,22.1870,43.9992,20.6806
08:53:04,-96.3036,30.5987,5.3580,22.3120,43.9992,20.6806
08:53:05,-96.3036,30.5987,4.6270,22.3120,43.9992,20.6806
08:53:06,-96.3036,30.5987,3.5140,22.6870,43.9992,20.6806
08:53:08,-96.3037,30.5986,1.9700,23.0620,43.9992,20.6806
08:53:09,-96.3037,30.5986,1.5620,23.4370,43.5090,20.6806
08:53:10,-96.3037,30.5986,0.8950,23.7500,43.5090,20.6806
08:53:11,-96.3037,30.5986,0.3090,24.1870,43.5090,20.6806
08:53:12,-96.3037,30.5986,0.0210,24.6250,43.5090,20.6806
08:53:13,-96.3037,30.5986,0.0080,25.0620,43.5090,20.6806
08:53:14,-96.3037,30.5986,0.0070,25.5000,43.5090,20.6806
08:53:15,-96.3037,30.5986,0.0090,25.9370,43.5090,20.6806
08:53:16,-96.3037,30.5986,0.0060,26.3120,43.5090,20.6806
08:53:17,-96.3037,30.5986,0.0070,26.6870,43.9992,20.6806
08:53:18,-96.3037,30.5986,0.0090,27.0620,43.9992,20.6806
08:53:19,-96.3037,30.5986,0.0050,27.3750,43.9992,20.6806
08:53:20,-96.3037,30.5986,0.0040,27.6870,43.9992,20.6806
08:53:21,-96.3037,30.5986,0.0210,28.0620,43.9992,20.6806
08:53:22,-96.3037,30.5986,0.3050,28.3120,43.9992,20.6806
08:53:23,-96.3037,30.5986,1.7060,28.5620,43.9992,20.6806
08:53:24,-96.3037,30.5986,3.4970,28.8120,43.5090,20.6806
08:53:25,-96.3038,30.5985,4.9880,29.0000,43.5090,20.6806
08:53:26,-96.3038,30.5985,6.0010,29.1870,43.5090,20.6806
08:53:27,-96.3038,30.5985,7.3050,29.3750,43.5090,20.6806
08:53:29,-96.3040,30.5983,9.7300,29.4370,43.5090,20.6806
08:53:30,-96.3040,30.5983,10.7270,29.5000,43.5090,20.6806
08:53:31,-96.3041,30.5982,11.6780,29.5620,43.5090,20.6806
08:53:32,-96.3042,30.5981,12.5170,29.5620,43.5090,20.6806
08:53:33,-96.3043,30.5980,13.1780,29.5000,43.5090,20.6806
08:53:34,-96.3043,30.5980,13.1780,29.4370,43.5090,20.6806
08:53:35,-96.3044,30.5979,13.8300,29.3750,43.5090,20.6806
08:53:36,-96.3045,30.5979,14.4390,29.2500,43.5090,20.6806
08:53:37,-96.3046,30.5978,15.0360,29.1870,43.5090,20.6806
08:53:38,-96.3047,30.5977,15.5500,29.0620,43.5090,20.6806
08:53:39,-96.3049,30.5976,16.0650,29.0000,43.5090,20.6806
08:53:40,-96.3050,30.5975,16.4600,28.8750,43.5090,20.6806
08:53:41,-96.3051,30.5974,16.6520,28.6870,43.5090,20.6806
08:53:42,-96.3052,30.5972,16.8310,28.5620,43.5090,20.6806
08:53:43,-96.3054,30.5971,16.9540,28.3750,43.5090,20.6806
08:53:44,-96.3055,30.5970,16.6010,28.2500,43.0189,20.6806
08:53:45,-96.3056,30.5969,15.8150,28.1250,43.0189,19.9915
08:53:46,-96.3057,30.5968,14.7500,28.0620,43.0189,19.9915
08:53:47,-96.3058,30.5967,13.4780,27.9370,43.0189,19.9915
08:53:48,-96.3059,30.5967,12.0270,27.8750,43.0189,19.9915
08:53:49,-96.3060,30.5966,10.6050,27.8120,43.0189,20.6806
08:53:50,-96.3060,30.5965,9.3220,27.7500,43.0189,19.9915
08:53:52,-96.3062,30.5964,7.5570,27.6870,43.0189,19.9915
08:53:53,-96.3062,30.5964,7.0160,27.6250,43.0189,19.9915
08:53:54,-96.3063,30.5963,6.2140,27.6870,43.0189,19.9915
08:53:55,-96.3063,30.5963,5.3140,27.8120,43.0189,19.9915
08:53:56,-96.3063,30.5963,4.4690,28.0620,43.0189,19.9915
08:53:57,-96.3064,30.5963,4.0450,28.3120,43.0189,19.9915
08:53:58,-96.3064,30.5962,4.1890,28.6250,43.0189,19.9915
08:53:59,-96.3065,30.5962,5.4020,29.0000,43.0189,19.9915
08:54:00,-96.3065,30.5961,6.3690,29.3120,43.0189,19.9915
08:54:01,-96.3066,30.5961,7.3850,29.6250,43.0189,19.9915
08:54:02,-96.3066,30.5960,8.4040,29.9370,43.0189,19.9915
08:54:03,-96.3067,30.5960,9.3440,30.1250,43.0189,19.9915
08:54:04,-96.3068,30.5959,10.0330,30.3120,43.0189,19.9915
08:54:05,-96.3068,30.5958,10.6420,30.5000,43.0189,19.9915
08:54:06,-96.3069,30.5958,11.1750,30.5620,43.0189,19.9915
08:54:07,-96.3070,30.5957,11.7670,30.6250,43.0189,19.9915
08:54:08,-96.3071,30.5956,12.4490,30.6870,42.5287,19.9915
08:54:09,-96.3072,30.5955,13.1200,30.6250,42.5287,19.9915
08:54:10,-96.3073,30.5955,13.8070,30.6250,42.5287,19.9915
08:54:11,-96.3074,30.5954,14.3730,30.6250,42.5287,19.9915
08:54:12,-96.3075,30.5953,14.9490,30.5620,42.5287,19.9915
08:54:13,-96.3076,30.5952,15.4420,30.4370,42.5287,19.9915
08:54:14,-96.3077,30.5951,15.9390,30.3750,43.0189,19.9915
08:54:16,-96.3080,30.5949,16.7280,30.2500,43.0189,19.9915
08:54:17,-96.3081,30.5948,17.0730,30.2500,43.0189,19.9915
08:54:18,-96.3082,30.5946,17.3490,30.0000,43.0189,19.9915
08:54:19,-96.3084,30.5945,17.5810,29.8750,43.0189,19.9915
08:54:20,-96.3085,30.5944,17.7560,29.8120,43.0189,19.9915
08:54:21,-96.3086,30.5943,17.9260,29.6870,43.0189,19.9915
08:54:22,-96.3088,30.5942,17.9680,29.6250,43.0189,19.9915
08:54:23,-96.3089,30.5941,17.8660,29.5620,43.0189,19.9915
08:54:24,-96.3090,30.5940,17.7450,29.5000,42.5287,19.9915
08:54:25,-96.3091,30.5939,17.5720,29.3750,42.5287,19.9915
08:54:26,-96.3093,30.5937,17.4700,29.3750,42.5287,19.9915
08:54:27,-96.3094,30.5936,17.3730,29.3120,42.5287,19.9915
08:54:28,-96.3095,30.5935,17.4930,29.2500,42.5287,19.9915
08:54:29,-96.3097,30.5934,17.7800,29.2500,42.5287,19.9915
08:54:30,-96.3098,30.5933,18.1820,29.1870,42.5287,19.9915
08:54:31,-96.3100,30.5932,18.6420,29.1250,42.5287,19.9915
08:54:32,-96.3101,30.5931,19.1180,29.0620,42.5287,19.9915
08:54:33,-96.3103,30.5930,19.4690,29.0620,42.5287,19.9915
08:54:34,-96.3105,30.5929,19.8070,29.0000,42.5287,19.9915
08:54:35,-96.3106,30.5928,19.9330,28.9370,43.0189,19.9915
08:54:36,-96.3108,30.5927,20.0550,28.8120,43.0189,19.9915
08:54:38,-96.3112,30.5925,19.8920,28.7500,43.0189,19.9915
08:54:39,-96.3114,30.5925,19.6630,28.6250,43.0189,19.9915
08:54:40,-96.3115,30.5924,19.2930,28.5620,42.5287,19.9915
08:54:41,-96.3117,30.5923,18.9140,28.3750,42.5287,19.9915
08:54:42,-96.3119,30.5922,18.5160,28.1870,42.5287,19.9915
08:54:43,-96.3121,30.5921,18.1310,28.0000,42.5287,19.9915
08:54:44,-96.3122,30.5921,17.7750,27.9370,42.5287,19.9915
08:54:45,-96.3124,30.5920,17.4190,27.8120,42.5287,19.9915
08:54:46,-96.3125,30.5919,17.1380,27.6870,42.5287,19.9915
08:54:47,-96.3127,30.5918,16.7810,27.5620,42.5287,19.9915
08:54:48,-96.3128,30.5918,16.4760,27.4370,42.5287,19.9915
08:54:49,-96.3130,30.5917,16.2780,27.3120,42.5287,19.9915
08:54:50,-96.3131,30.5916,16.2950,27.1870,42.5287,19.9915
08:54:51,-96.3133,30.5915,16.2720,27.1250,42.5287,19.9915
08:54:52,-96.3134,30.5915,16.3800,27.0000,42.5287,19.9915
08:54:53,-96.3136,30.5914,16.5210,26.8750,42.5287,19.9915
08:54:54,-96.3137,30.5913,16.6430,26.8750,42.5287,19.9915
08:54:55,-96.3139,30.5912,16.7920,26.7500,42.5287,19.9915
08:54:56,-96.3141,30.5912,16.9190,26.6870,43.0189,19.9915
08:54:57,-96.3142,30.5911,17.1280,26.6250,43.0189,19.9915
08:54:58,-96.3144,30.5910,17.3010,26.5000,43.0189,19.9915
08:54:59,-96.3145,30.5909,17.3590,26.4370,42.5287,19.9915
08:55:00,-96.3147,30.5909,17.3810,26.3750,42.5287,19.9915
08:55:01,-96.3148,30.5908,17.4700,26.2500,42.5287,19.9915
08:55:02,-96.3150,30.5907,17.7770,26.1870,42.5287,19.9915
08:55:04,-96.3153,30.5906,18.4150,26.0000,42.5287,19.9915
08:55:05,-96.3155,30.5905,18.7370,25.8120,42.5287,19.9915
08:55:06,-96.3157,30.5904,19.0390,25.6870,42.5287,19.9915
08:55:07,-96.3158,30.5903,19.3420,25.6250,42.5287,19.9915